title,description,category,price_type,price,age_range,address,latitude,longitude,image_url,image_source,date,time,phone,website,has_deal,deal_description,deal_expiry,tags,metro_area,schema_version
Afton State Park,"Family-friendly park in the Twin Cities metro area. Afton State Park offers trails, swimming, camping and more.",parks,Free,Free,all-ages,"6959 Peller Ave S, Hastings, MN 55033",44.8458,-92.7893,https://images.pexels.com/photos/17504302/pexels-photo-17504302.jpeg,curated_category,,,,https://www.dnr.state.mn.us/state_parks/park.html?id=spk00100,FALSE,,,"trails,swimming,camping,outstate,day-trip","Minnesota Statewide (Twin Cities metro + Duluth, Rochester, St. Cloud, Mankato, Moorhead, Brainerd, Bemidji, Winona, Alexandria)",3.1
Alimagnet Park,"Family-friendly park in the Twin Cities metro area. Alimagnet Park offers playground, lake, trails and more.",parks,Free,Free,all-ages,"2300 Alimagnet Pkwy, Burnsville, MN 55306",44.7539,-93.2831,https://images.pexels.com/photos/17504302/pexels-photo-17504302.jpeg,curated_category,,,,https://burnsvillemn.gov/facilities/facility/details/Alimagnet-Park-60,FALSE,,,"playground,lake,trails,picnic","Minnesota Statewide (Twin Cities metro + Duluth, Rochester, St. Cloud, Mankato, Moorhead, Brainerd, Bemidji, Winona, Alexandria)",3.1
Augsburg Adventure Park,"Family-friendly park in the Twin Cities metro area. Augsburg Adventure Park offers playground, splash pad, picnic and more.",parks,Free,Free,all-ages,"400 W 76th St, Richfield, MN 55423",44.8736,-93.2832,https://images.pexels.com/photos/17504302/pexels-photo-17504302.jpeg,curated_category,,,,https://www.richfieldmn.gov/departments/parks_and_recreation/parks/inclusive_playground_at_augsburg_park.php,FALSE,,,"playground,splash pad,picnic","Minnesota Statewide (Twin Cities metro + Duluth, Rochester, St. Cloud, Mankato, Moorhead, Brainerd, Bemidji, Winona, Alexandria)",3.1
Baker Park Reserve,Swimming beach; golf course; extensive trail system; camping; lake activities,parks,paid,$7 daily vehicle permit,all ages,"Maple Plain, MN",45.0333,-93.6167,https://images.pexels.com/photos/17504302/pexels-photo-17504302.jpeg,curated_category,,,763-694-7894,https://www.threeriversparks.org,FALSE,,,outdoor,"Minnesota Statewide (Twin Cities metro + Duluth, Rochester, St. Cloud, Mankato, Moorhead, Brainerd, Bemidji, Winona, Alexandria)",3.1
Banning State Park,"Family-friendly park in the Twin Cities metro area. Banning State Park offers trails, river, swimming and more.",parks,Free,Free,all-ages,"61101 Banning Park Rd, Sandstone, MN 55072",46.0787,-92.8624,https://images.pexels.com/photos/17504302/pexels-photo-17504302.jpeg,curated_category,,,,https://www.dnr.state.mn.us/state_parks/park.html?id=spk00103,FALSE,,,"trails,river,swimming,camping,outstate,day-trip","Minnesota Statewide (Twin Cities metro + Duluth, Rochester, St. Cloud, Mankato, Moorhead, Brainerd, Bemidji, Winona, Alexandria)",3.1
Battle Creek Regional Park,"Family-friendly park in the Twin Cities metro area. Battle Creek Regional Park offers playground, splash pad, trails and more.",parks,Free,Free,all-ages,"2401 Upper Afton Rd, St. Paul, MN 55119",44.9279,-93.0417,https://images.pexels.com/photos/17504302/pexels-photo-17504302.jpeg,curated_category,,,,https://www.ramseycountymn.gov/residents/parks-recreation/parks-trails/find-park/battle-creek-regional-park,FALSE,,,"playground,splash pad,trails,picnic,dog-friendly","Minnesota Statewide (Twin Cities metro + Duluth, Rochester, St. Cloud, Mankato, Moorhead, Brainerd, Bemidji, Winona, Alexandria)",3.1
Bde Maka Ska (Lake Calhoun),"Largest lake in Minneapolis; swimming beaches, boat/paddleboard rentals, 3.1-mile walking path",parks,free,Free,all ages,"Minneapolis, MN",44.9489,-93.3061,https://www.minneapolisparks.org/wp-content/uploads/2018/12/Lake-Calhoun_spring_sailing.jpg,curated,,,,https://www.minneapolisparks.org,FALSE,,,outdoor,"Minnesota Statewide (Twin Cities metro + Duluth, Rochester, St. Cloud, Mankato, Moorhead, Brainerd, Bemidji, Winona, Alexandria)",3.1
Blackhawk Park,"Family-friendly park in the Twin Cities metro area. Blackhawk Park offers playground, picnic, trails and more.",parks,Free,Free,all-ages,"4 Blackhawk Rd, Eagan, MN 55122",44.8212,-93.1791,https://images.pexels.com/photos/17504302/pexels-photo-17504302.jpeg,curated_category,,,,https://cityofeagan.com/component/dpcalendar/location/60,FALSE,,,"playground,picnic,trails","Minnesota Statewide (Twin Cities metro + Duluth, Rochester, St. Cloud, Mankato, Moorhead, Brainerd, Bemidji, Winona, Alexandria)",3.1
Boom Island Park,"Family-friendly park in the Twin Cities metro area. Boom Island Park offers playground, picnic, river and more.",parks,Free,Free,all-ages,"724 Sibley St NE, Minneapolis, MN 55413",44.9951,-93.2803,https://www.minneapolisparks.org/wp-content/uploads/2018/11/Boom_Island_playground.jpg,curated,,,,https://www.minneapolisparks.org/parks-destinations/parks-lakes/boom_island_park/,FALSE,,,"playground,picnic,river,dog-friendly","Minnesota Statewide (Twin Cities metro + Duluth, Rochester, St. Cloud, Mankato, Moorhead, Brainerd, Bemidji, Winona, Alexandria)",3.1
Brackett Field Park,"Family-friendly park in the Twin Cities metro area. Brackett Field Park offers playground, wading pool and more.",parks,Free,Free,all-ages,"3640 Harriet Ave S, Minneapolis, MN 55409",44.9314,-93.2289,https://images.pexels.com/photos/17504302/pexels-photo-17504302.jpeg,curated_category,,,,https://www.minneapolisparks.org/parks-destinations/parks-lakes/brackett_field_park/,FALSE,,,"playground,wading pool","Minnesota Statewide (Twin Cities metro + Duluth, Rochester, St. Cloud, Mankato, Moorhead, Brainerd, Bemidji, Winona, Alexandria)",3.1
Bryant Lake Regional Park,"Family-friendly park in the Twin Cities metro area. Bryant Lake Regional Park offers playground, beach, trails and more.",parks,Free,Free,all-ages,"6800 Rowland Rd, Eden Prairie, MN 55344",44.8789,-93.3994,https://images.pexels.com/photos/17504302/pexels-photo-17504302.jpeg,curated_category,,,,https://www.threeriversparks.org/location/bryant-lake-regional-park,FALSE,,,"playground,beach,trails,camping","Minnesota Statewide (Twin Cities metro + Duluth, Rochester, St. Cloud, Mankato, Moorhead, Brainerd, Bemidji, Winona, Alexandria)",3.1
Bunker Beach Water Park,"Family-friendly park in the Twin Cities metro area. Bunker Beach Water Park offers water park, swimming and more.",parks,Paid,Paid,all-ages,"101 Bunker Lake Blvd, Blaine, MN 55434",45.1803,-93.3005,https://images.pexels.com/photos/17504302/pexels-photo-17504302.jpeg,curated_category,,,,https://www.bunkerbeach.com/,FALSE,,,"water park,swimming","Minnesota Statewide (Twin Cities metro + Duluth, Rochester, St. Cloud, Mankato, Moorhead, Brainerd, Bemidji, Winona, Alexandria)",3.1
Bunker Hills Regional Park,Water park; archery range; wave pool; extensive trails; camping,parks,paid,Varies by activity,all ages,"Andover, MN",45.1833,-93.3000,https://images.pexels.com/photos/17504302/pexels-photo-17504302.jpeg,curated_category,,,763-757-3920,https://www.anokacountyparks.com,FALSE,,,outdoor,"Minnesota Statewide (Twin Cities metro + Duluth, Rochester, St. Cloud, Mankato, Moorhead, Brainerd, Bemidji, Winona, Alexandria)",3.1
Bush Lake Park,"Family-friendly park in the Twin Cities metro area. Bush Lake Park offers playground, beach, picnic and more.",parks,Free,Free,all-ages,"8100 Bush Lake Rd, Bloomington, MN 55438",44.8365,-93.3805,https://images.pexels.com/photos/17504302/pexels-photo-17504302.jpeg,curated_category,,,,https://www.threeriversparks.org/location/bush-lake,FALSE,,,"playground,beach,picnic","Minnesota Statewide (Twin Cities metro + Duluth, Rochester, St. Cloud, Mankato, Moorhead, Brainerd, Bemidji, Winona, Alexandria)",3.1
Carver Lake Park,"Family-friendly park in the Twin Cities metro area. Carver Lake Park offers playground, splash pad, beach and more.",parks,Free,Free,all-ages,"2700 Carver Lake Rd, Woodbury, MN 55125",44.9233,-92.9344,https://images.pexels.com/photos/17504302/pexels-photo-17504302.jpeg,curated_category,,,,https://www.woodburymn.gov/456/Carver-Lake-Park-and-Beach,FALSE,,,"playground,splash pad,beach,trails","Minnesota Statewide (Twin Cities metro + Duluth, Rochester, St. Cloud, Mankato, Moorhead, Brainerd, Bemidji, Winona, Alexandria)",3.1
Carver Park Reserve,"Family-friendly park in the Twin Cities metro area. Carver Park Reserve offers playground, beach, trails and more.",parks,Free,Free,all-ages,"7025 Victoria Dr, Victoria, MN 55386",44.862,-93.622,https://images.pexels.com/photos/17504302/pexels-photo-17504302.jpeg,curated_category,,,,https://www.threeriversparks.org/location/carver-park-reserve,FALSE,,,"playground,beach,trails,nature center,camping","Minnesota Statewide (Twin Cities metro + Duluth, Rochester, St. Cloud, Mankato, Moorhead, Brainerd, Bemidji, Winona, Alexandria)",3.1
Cascade Bay Water Park,"Family-friendly park in the Twin Cities metro area. Cascade Bay Water Park offers water park, swimming, splash pad and more.",parks,Paid,Paid,all-ages,"1580 Civic Center Dr, Eagan, MN 55122",44.7994,-93.1755,https://images.pexels.com/photos/17504302/pexels-photo-17504302.jpeg,curated_category,,,,https://cityofeagan.com/cb-plan-your-visit,FALSE,,,"water park,swimming,splash pad","Minnesota Statewide (Twin Cities metro + Duluth, Rochester, St. Cloud, Mankato, Moorhead, Brainerd, Bemidji, Winona, Alexandria)",3.1
Centennial Lakes Park,"Family-friendly park in the Twin Cities metro area. Centennial Lakes Park offers trails, picnic, concert and more.",parks,Free,Free,all-ages,"7499 France Ave S, Edina, MN 55435",44.8763,-93.334,https://images.pexels.com/photos/17504302/pexels-photo-17504302.jpeg,curated_category,,,,https://www.edinamn.gov/1826/Centennial-Lakes-Park---Old-URL-Do-Not-D,FALSE,,,"trails,picnic,concert","Minnesota Statewide (Twin Cities metro + Duluth, Rochester, St. Cloud, Mankato, Moorhead, Brainerd, Bemidji, Winona, Alexandria)",3.1
Central Park Roseville,"Family-friendly park in the Twin Cities metro area. Central Park Roseville offers playground, splash pad, picnic and more.",parks,Free,Free,all-ages,"2520 Dale St N, Roseville, MN 55113",45.018,-93.1562,https://images.pexels.com/photos/17504302/pexels-photo-17504302.jpeg,curated_category,,,,https://www.cityofroseville.com/198/Central-Park---Dale-East,FALSE,,,"playground,splash pad,picnic,concert","Minnesota Statewide (Twin Cities metro + Duluth, Rochester, St. Cloud, Mankato, Moorhead, Brainerd, Bemidji, Winona, Alexandria)",3.1
Clifton E. French Regional Park,Swimming beach on Medicine Lake; boat rentals; picnic areas; trails,parks,paid,$7 daily vehicle permit,all ages,"Plymouth, MN",45.0167,-93.4500,https://images.pexels.com/photos/17504302/pexels-photo-17504302.jpeg,curated_category,,,763-694-7894,https://www.threeriversparks.org,FALSE,,,outdoor,"Minnesota Statewide (Twin Cities metro + Duluth, Rochester, St. Cloud, Mankato, Moorhead, Brainerd, Bemidji, Winona, Alexandria)",3.1
Columbia Park,"Family-friendly park in the Twin Cities metro area. Columbia Park offers playground, trails, picnic and more.",parks,Free,Free,all-ages,"3701 SE Benjamin St, Minneapolis, MN 55418",45.0105,-93.243,https://images.pexels.com/photos/17504302/pexels-photo-17504302.jpeg,curated_category,,,,https://www.minneapolisparks.org/parks-destinations/parks-lakes/columbia_park/,FALSE,,,"playground,trails,picnic","Minnesota Statewide (Twin Cities metro + Duluth, Rochester, St. Cloud, Mankato, Moorhead, Brainerd, Bemidji, Winona, Alexandria)",3.1
Como Regional Park,Como Zoo & Conservatory (free); amusement park rides; lake; golf course; picnic areas,parks,free,Free (zoo); rides paid separately,all ages,"St. Paul, MN",44.9800,-93.1467,https://www.stpaul.gov/sites/default/files/styles/banner__2500_/public/2025-05/IMG_4559.JPG.webp?itok=Q3Weri5n,curated,,,651-487-8200,https://www.comozooconservatory.org,FALSE,,,outdoor,"Minnesota Statewide (Twin Cities metro + Duluth, Rochester, St. Cloud, Mankato, Moorhead, Brainerd, Bemidji, Winona, Alexandria)",3.1
Como-Harriet Streetcar Line Historic Site,"Family-friendly park in the Twin Cities metro area. Como-Harriet Streetcar Line Historic Site offers historic, trails, streetcar and more.",parks,Free,Free,all-ages,"2330 W 42nd St, Minneapolis, MN 55410",44.9253,-93.312,https://trolleyride.org/wp-content/uploads/2017/03/chsl.jpg,curated,,,,https://trolleyride.org/como-harriet-streetcar/,FALSE,,,"historic,trails,streetcar,family","Minnesota Statewide (Twin Cities metro + Duluth, Rochester, St. Cloud, Mankato, Moorhead, Brainerd, Bemidji, Winona, Alexandria)",3.1
Coon Rapids Dam Regional Park,"Family-friendly park in the Twin Cities metro area. Coon Rapids Dam Regional Park offers trails, river, fishing and more.",parks,Free,Free,all-ages,"10360 W River Rd, Brooklyn Park, MN 55444",45.13,-93.375,https://images.pexels.com/photos/17504302/pexels-photo-17504302.jpeg,curated_category,,,,https://www.threeriversparks.org/location/mississippi-gateway-regional-park,FALSE,,,"trails,river,fishing,picnic","Minnesota Statewide (Twin Cities metro + Duluth, Rochester, St. Cloud, Mankato, Moorhead, Brainerd, Bemidji, Winona, Alexandria)",3.1
Cottage Grove Ravine Regional Park,"Family-friendly park in the Twin Cities metro area. Cottage Grove Ravine Regional Park offers trails, picnic, nature center and more.",parks,Free,Free,all-ages,"9940 90th St S, Cottage Grove, MN 55016",44.8198,-92.9375,https://images.pexels.com/photos/17504302/pexels-photo-17504302.jpeg,curated_category,,,,https://www.washingtoncountymn.gov/facilities/facility/details/cottage-grove-ravine-regional-park-12,FALSE,,,"trails,picnic,nature center","Minnesota Statewide (Twin Cities metro + Duluth, Rochester, St. Cloud, Mankato, Moorhead, Brainerd, Bemidji, Winona, Alexandria)",3.1
Crosby Farm Regional Park,"Family-friendly park in the Twin Cities metro area. Crosby Farm Regional Park offers trails, river, nature center and more.",parks,Free,Free,all-ages,"2595 Crosby Farm Rd, St. Paul, MN 55116",44.9003,-93.167,https://images.pexels.com/photos/17504302/pexels-photo-17504302.jpeg,curated_category,,,,https://www.stpaul.gov/facilities/crosby-farm-regional-park,FALSE,,,"trails,river,nature center,picnic","Minnesota Statewide (Twin Cities metro + Duluth, Rochester, St. Cloud, Mankato, Moorhead, Brainerd, Bemidji, Winona, Alexandria)",3.1
Crow Wing State Park,South of Brainerd; historic Old Crow Wing Village; Crow Wing/Mississippi River junction,parks,paid,$7 vehicle permit,all ages,"Brainerd, MN",46.3667,-94.1667,https://images.pexels.com/photos/17504302/pexels-photo-17504302.jpeg,curated_category,,,218-825-3075,https://www.dnr.state.mn.us/state_parks/park.html?id=spk00119,FALSE,,,"outdoor,brainerd","Minnesota Statewide (Twin Cities metro + Duluth, Rochester, St. Cloud, Mankato, Moorhead, Brainerd, Bemidji, Winona, Alexandria)",3.1
Crow-Hassan Park Reserve,"Family-friendly park in the Twin Cities metro area. Crow-Hassan Park Reserve offers trails, picnic, camping and more.",parks,Free,Free,all-ages,"10450 County Rd 116, Rogers, MN 55374",45.18,-93.589,https://images.pexels.com/photos/17504302/pexels-photo-17504302.jpeg,curated_category,,,,https://www.threeriversparks.org/location/crow-hassan-park-reserve,FALSE,,,"trails,picnic,camping,dog-friendly","Minnesota Statewide (Twin Cities metro + Duluth, Rochester, St. Cloud, Mankato, Moorhead, Brainerd, Bemidji, Winona, Alexandria)",3.1
Eagan Central Park & Splash Pad,"Family-friendly park in the Twin Cities metro area. Eagan Central Park & Splash Pad offers playground, splash pad, picnic and more.",parks,Free,Free,all-ages,"1501 Central Pkwy, Eagan, MN 55121",44.8147,-93.1753,https://images.pexels.com/photos/17504302/pexels-photo-17504302.jpeg,curated_category,,,,https://cityofeagan.com/splash-pad,FALSE,,,"playground,splash pad,picnic,accessible","Minnesota Statewide (Twin Cities metro + Duluth, Rochester, St. Cloud, Mankato, Moorhead, Brainerd, Bemidji, Winona, Alexandria)",3.1
Edinborough Park,"Family-friendly park in the Twin Cities metro area. Edinborough Park offers indoor, playground, accessible and more.",parks,Paid,Paid,all-ages,"7700 York Ave S, Edina, MN 55435",44.8699,-93.3434,https://images.pexels.com/photos/17504302/pexels-photo-17504302.jpeg,curated_category,,,,https://www.edinamn.gov/682/Hours-Directions,FALSE,,,"indoor,playground,accessible,swimming","Minnesota Statewide (Twin Cities metro + Duluth, Rochester, St. Cloud, Mankato, Moorhead, Brainerd, Bemidji, Winona, Alexandria)",3.1
Elm Creek Park Reserve,"Largest park in Three Rivers system; swimming pond, splash pad, disc golf, mountain biking",parks,paid,$7 daily vehicle permit,all ages,"Maple Grove, MN","45.1667, ",-93.4667,https://images.pexels.com/photos/17504302/pexels-photo-17504302.jpeg,curated_category,,,763-694-7894,https://www.threeriversparks.org,FALSE,,,outdoor,"Minnesota Statewide (Twin Cities metro + Duluth, Rochester, St. Cloud, Mankato, Moorhead, Brainerd, Bemidji, Winona, Alexandria)",3.1
Enger Park and Tower,"1939 tower with panoramic views of Duluth harbor, Lake Superior; nature trails",parks,free,Free,all ages,"Duluth, MN",46.7942,-92.1667,https://images.pexels.com/photos/17504302/pexels-photo-17504302.jpeg,curated_category,,,218-730-4700,https://duluthmn.gov/parks/,FALSE,,,"outdoor,duluth","Minnesota Statewide (Twin Cities metro + Duluth, Rochester, St. Cloud, Mankato, Moorhead, Brainerd, Bemidji, Winona, Alexandria)",3.1
Farview Park,"Family-friendly park in the Twin Cities metro area. Farview Park offers playground, swimming, picnic and more.",parks,Free,Free,all-ages,"2200 Russell Ave N, Minneapolis, MN 55411",44.9904,-93.2954,https://images.pexels.com/photos/17504302/pexels-photo-17504302.jpeg,curated_category,,,,https://www.minneapolisparks.org/parks-destinations/parks-lakes/farview_park/,FALSE,,,"playground,swimming,picnic","Minnesota Statewide (Twin Cities metro + Duluth, Rochester, St. Cloud, Mankato, Moorhead, Brainerd, Bemidji, Winona, Alexandria)",3.1
Fish Lake Regional Park,"Family-friendly park in the Twin Cities metro area. Fish Lake Regional Park offers playground, beach, trails and more.",parks,Free,Free,all-ages,"14900 Bass Lake Rd, Maple Grove, MN 55311",45.0758,-93.4686,https://images.pexels.com/photos/17504302/pexels-photo-17504302.jpeg,curated_category,,,,https://www.threeriversparks.org/location/fish-lake-regional-park,FALSE,,,"playground,beach,trails,fishing","Minnesota Statewide (Twin Cities metro + Duluth, Rochester, St. Cloud, Mankato, Moorhead, Brainerd, Bemidji, Winona, Alexandria)",3.1
Gooseberry Falls State Park,Iconic waterfalls along North Shore; hiking trails; visitor center,parks,paid,$7 vehicle permit,all ages,"Two Harbors, MN",47.1417,-91.4700,https://images.dnr.state.mn.us/destinations/state_parks/1_large/spk00172-sue-schultz.jpg?v=2026.07.16-16.11.53,curated,,,218-595-7100,https://www.dnr.state.mn.us/state_parks/park.html?id=spk00170,FALSE,,,"outdoor,duluth","Minnesota Statewide (Twin Cities metro + Duluth, Rochester, St. Cloud, Mankato, Moorhead, Brainerd, Bemidji, Winona, Alexandria)",3.1
Great River Bluffs State Park,500-foot bluffs overlooking Mississippi River; four scenic trails with panoramic vistas,parks,paid,$7 vehicle permit,all ages,"Winona, MN",43.7342,-91.4500,https://images.pexels.com/photos/17504302/pexels-photo-17504302.jpeg,curated_category,,,507-643-6849,https://www.dnr.state.mn.us/state_parks/park.html?id=spk00244,FALSE,,,"outdoor,winona","Minnesota Statewide (Twin Cities metro + Duluth, Rochester, St. Cloud, Mankato, Moorhead, Brainerd, Bemidji, Winona, Alexandria)",3.1
Hamline Park,"Family-friendly park in the Twin Cities metro area. Hamline Park offers playground, wading pool, picnic and more.",parks,Free,Free,all-ages,"1564 Lafond Ave, St. Paul, MN 55104",44.9608,-93.1422,https://images.pexels.com/photos/17504302/pexels-photo-17504302.jpeg,curated_category,,,,https://www.stpaul.gov/facilities/hamline-park,FALSE,,,"playground,wading pool,picnic","Minnesota Statewide (Twin Cities metro + Duluth, Rochester, St. Cloud, Mankato, Moorhead, Brainerd, Bemidji, Winona, Alexandria)",3.1
Harriet Alexander Nature Center,"Family-friendly park in the Twin Cities metro area. Harriet Alexander Nature Center offers nature center, playground, trails and more.",parks,Free,Free,all-ages,"2520 Dale St N, Roseville, MN 55113",45.0298,-93.149,https://images.pexels.com/photos/17504302/pexels-photo-17504302.jpeg,curated_category,,,,https://cityofroseville.com/hanc,FALSE,,,"nature center,playground,trails","Minnesota Statewide (Twin Cities metro + Duluth, Rochester, St. Cloud, Mankato, Moorhead, Brainerd, Bemidji, Winona, Alexandria)",3.1
Harriet Island Regional Park,"Family-friendly park in the Twin Cities metro area. Harriet Island Regional Park offers playground, river, picnic and more.",parks,Free,Free,all-ages,"1 Harriet Island Rd, St. Paul, MN 55107",44.9383,-93.0952,https://images.pexels.com/photos/17504302/pexels-photo-17504302.jpeg,curated_category,,,,https://www.stpaul.gov/departments/parks-and-recreation/harriet-island-regional-park,FALSE,,,"playground,river,picnic,concert","Minnesota Statewide (Twin Cities metro + Duluth, Rochester, St. Cloud, Mankato, Moorhead, Brainerd, Bemidji, Winona, Alexandria)",3.1
Hidden Falls Regional Park,"Family-friendly park in the Twin Cities metro area. Hidden Falls Regional Park offers playground, trails, waterfall and more.",parks,Free,Free,all-ages,"1313 Hidden Falls Dr, St. Paul, MN 55116",44.9097,-93.1792,https://images.pexels.com/photos/17504302/pexels-photo-17504302.jpeg,curated_category,,,,https://www.stpaul.gov/facilities/hidden-falls-regional-park,FALSE,,,"playground,trails,waterfall,river","Minnesota Statewide (Twin Cities metro + Duluth, Rochester, St. Cloud, Mankato, Moorhead, Brainerd, Bemidji, Winona, Alexandria)",3.1
Highland Park,"Family-friendly park in the Twin Cities metro area. Highland Park offers playground, swimming, picnic and more.",parks,Free,Free,all-ages,"1840 Edgcumbe Rd, St. Paul, MN 55116",44.9184,-93.1699,https://images.pexels.com/photos/17504302/pexels-photo-17504302.jpeg,curated_category,,,,https://www.stpaul.gov/facilities/highland-park,FALSE,,,"playground,swimming,picnic","Minnesota Statewide (Twin Cities metro + Duluth, Rochester, St. Cloud, Mankato, Moorhead, Brainerd, Bemidji, Winona, Alexandria)",3.1
Hyland Lake Park Reserve,Richardson Nature Center; ski/snowboard area; swimming pond; extensive trails,parks,paid,$7 daily vehicle permit,all ages,"Bloomington, MN",44.8333,-93.3667,https://images.pexels.com/photos/17504302/pexels-photo-17504302.jpeg,curated_category,,,763-694-7687,https://www.threeriversparks.org,FALSE,,,outdoor,"Minnesota Statewide (Twin Cities metro + Duluth, Rochester, St. Cloud, Mankato, Moorhead, Brainerd, Bemidji, Winona, Alexandria)",3.1
Interstate State Park,"Family-friendly park in the Twin Cities metro area. Interstate State Park (Taylors Falls, MN) offers trails, swimming, river access, camping and more along the scenic St. Croix River gorge.",parks,Free,Free,all-ages,"307 Milltown Rd, Taylors Falls, MN 55084",45.399,-92.6572,https://images.pexels.com/photos/17504302/pexels-photo-17504302.jpeg,curated_category,,,,https://www.dnr.state.mn.us/state_parks/park.html?id=spk00178,FALSE,,,"trails,swimming,river,camping,outstate,day-trip","Minnesota Statewide (Twin Cities metro + Duluth, Rochester, St. Cloud, Mankato, Moorhead, Brainerd, Bemidji, Winona, Alexandria)",3.1
Itasca State Park - Headwaters of Mississippi,Walk across the headwaters of the Mississippi River; old-growth pines; hiking/biking,parks,paid,$7 vehicle permit,all ages,"Park Rapids, MN",47.2000,-95.2000,https://images.dnr.state.mn.us/destinations/state_parks/banners/spk00181.jpg?stamp=1784403257,curated,,,218-699-7251,https://www.dnr.state.mn.us/state_parks/park.html?id=spk00181,FALSE,,,outdoor,"Minnesota Statewide (Twin Cities metro + Duluth, Rochester, St. Cloud, Mankato, Moorhead, Brainerd, Bemidji, Winona, Alexandria)",3.1
Jay Cooke State Park - Duluth Area,Swinging bridge over St. Louis River; extensive hiking; rugged terrain,parks,paid,$7 vehicle permit,all ages,"Carlton, MN",46.6500,-92.4000,https://images.pexels.com/photos/17504302/pexels-photo-17504302.jpeg,curated_category,,,218-673-7000,https://www.dnr.state.mn.us/state_parks/park.html?id=spk00187,FALSE,,,"outdoor,duluth","Minnesota Statewide (Twin Cities metro + Duluth, Rochester, St. Cloud, Mankato, Moorhead, Brainerd, Bemidji, Winona, Alexandria)",3.1
Kelley Park,"Family-friendly park in the Twin Cities metro area. Kelley Park offers playground, splash pad, picnic and more.",parks,Free,Free,all-ages,"13001 Johnny Cake Ridge Rd, Apple Valley, MN 55124",44.7471,-93.2121,https://images.pexels.com/photos/17504302/pexels-photo-17504302.jpeg,curated_category,,,,https://www.applevalleymn.gov/facilities/Facility/Details/26,FALSE,,,"playground,splash pad,picnic","Minnesota Statewide (Twin Cities metro + Duluth, Rochester, St. Cloud, Mankato, Moorhead, Brainerd, Bemidji, Winona, Alexandria)",3.1
Lake Ann Park,"Family-friendly park in the Twin Cities metro area. Lake Ann Park offers playground, beach, trails and more.",parks,Free,Free,all-ages,"6800 Birch Dr, Chanhassen, MN 55317",44.869,-93.558,https://images.pexels.com/photos/17504302/pexels-photo-17504302.jpeg,curated_category,,,,https://www.chanhassenmn.gov/departments/parks-recreation/parks-facilities/lake-ann-park,FALSE,,,"playground,beach,trails,fishing","Minnesota Statewide (Twin Cities metro + Duluth, Rochester, St. Cloud, Mankato, Moorhead, Brainerd, Bemidji, Winona, Alexandria)",3.1
Lake Bemidji State Park,"Wheelchair rentals; bog walk boardwalk; spectacular fall colors; swimming, boating, fishing, bird watching, hiking",parks,paid,$7 vehicle permit,all ages,"Bemidji, MN",47.4668,-94.8806,https://images.pexels.com/photos/17504302/pexels-photo-17504302.jpeg,curated_category,,,218-308-2694,https://www.dnr.state.mn.us/state_parks/park.html?id=spk00196,FALSE,,,"outdoor,bemidji","Minnesota Statewide (Twin Cities metro + Duluth, Rochester, St. Cloud, Mankato, Moorhead, Brainerd, Bemidji, Winona, Alexandria)",3.1
Lake Carlos State Park,"10 miles north of Alexandria; 1,154-acre park; paddleboating and canoe rentals; horse trails, hiking, fishing",parks,paid,$7 vehicle permit,all ages,"Alexandria, MN",45.8167,-94.3833,https://images.pexels.com/photos/17504302/pexels-photo-17504302.jpeg,curated_category,,,320-762-7010,https://www.dnr.state.mn.us/state_parks/park.html?id=spk00135,FALSE,,,"outdoor,alexandria","Minnesota Statewide (Twin Cities metro + Duluth, Rochester, St. Cloud, Mankato, Moorhead, Brainerd, Bemidji, Winona, Alexandria)",3.1
Lake Elmo Park Reserve,Swimming beach; archery; camping; extensive trail system; dog park,parks,paid,$7 daily vehicle permit,all ages,"Lake Elmo, MN",44.9833,-92.8833,https://images.pexels.com/photos/17504302/pexels-photo-17504302.jpeg,curated_category,,,651-430-8370,https://www.co.washington.mn.us,FALSE,,,"outdoor,dog-friendly","Minnesota Statewide (Twin Cities metro + Duluth, Rochester, St. Cloud, Mankato, Moorhead, Brainerd, Bemidji, Winona, Alexandria)",3.1
Lake Harriet,Bandshell with free summer concerts; rose garden; walking/biking path; paddleboat rentals,parks,free,Free,all ages,"4135 W Lake Harriet Pkwy, Minneapolis, MN 55410",44.9219,-93.3067,https://www.minneapolisparks.org/wp-content/uploads/2018/11/lake_harriet_sailboats.jpg,curated,,,,https://www.minneapolisparks.org,FALSE,,,"beach,concert,dog-friendly,outdoor,picnic,playground,trails","Minnesota Statewide (Twin Cities metro + Duluth, Rochester, St. Cloud, Mankato, Moorhead, Brainerd, Bemidji, Winona, Alexandria)",3.1
Lake Rebecca Park Reserve,"Family-friendly park in the Twin Cities metro area. Lake Rebecca Park Reserve offers playground, beach, trails and more.",parks,Free,Free,all-ages,"9831 County Rd 50, Rockford, MN 55373",45.108,-93.72,https://images.pexels.com/photos/17504302/pexels-photo-17504302.jpeg,curated_category,,,,https://www.threeriversparks.org/location/lake-rebecca-park-reserve,FALSE,,,"playground,beach,trails,camping","Minnesota Statewide (Twin Cities metro + Duluth, Rochester, St. Cloud, Mankato, Moorhead, Brainerd, Bemidji, Winona, Alexandria)",3.1
Lake Vadnais Regional Park,"Family-friendly park in the Twin Cities metro area. Lake Vadnais Regional Park offers playground, beach, trails and more.",parks,Free,Free,all-ages,"5185 Hodgson Rd, Shoreview, MN 55126",45.0671,-93.1158,https://images.pexels.com/photos/17504302/pexels-photo-17504302.jpeg,curated_category,,,,https://www.ramseycountymn.gov/residents/parks-recreation/parks-trails/find-park/vadnais-snail-lakes-regional-park,FALSE,,,"playground,beach,trails,fishing","Minnesota Statewide (Twin Cities metro + Duluth, Rochester, St. Cloud, Mankato, Moorhead, Brainerd, Bemidji, Winona, Alexandria)",3.1
Lake Vermilion-Soudan Underground Mine State Park,"Underground mine tours reopened after 2024 repairs, running May 23-Oct 18, 2026",parks,paid,$15 adults / $10 ages 5-12,all ages,"Soudan, MN",47.6667,-92.0000,https://images.pexels.com/photos/17504302/pexels-photo-17504302.jpeg,curated_category,2026-05-23 to 2026-10-18,Varies,218-753-2200,https://www.dnr.state.mn.us/state_parks/park.html?id=spk00278,FALSE,,,"outdoor,duluth,guided-tour","Minnesota Statewide (Twin Cities metro + Duluth, Rochester, St. Cloud, Mankato, Moorhead, Brainerd, Bemidji, Winona, Alexandria)",3.1
Lebanon Hills Regional Park,"2,000 acres; extensive mountain biking/hiking trails; lakes; camping",parks,free,Free,all ages,"Eagan, MN",44.7833,-93.1667,https://images.pexels.com/photos/17504302/pexels-photo-17504302.jpeg,curated_category,,,651-460-6001,https://www.co.dakota.mn.us,FALSE,,,outdoor,"Minnesota Statewide (Twin Cities metro + Duluth, Rochester, St. Cloud, Mankato, Moorhead, Brainerd, Bemidji, Winona, Alexandria)",3.1
Leif Erikson Park & Rose Garden,"3,000+ rose bushes; lakefront location; Lakewalk with miles of scenic biking/walking paths",parks,free,Free,all ages,"Duluth, MN",46.7667,-92.0833,https://images.pexels.com/photos/17504302/pexels-photo-17504302.jpeg,curated_category,,,218-730-4700,https://duluthmn.gov/parks/,FALSE,,,"outdoor,duluth","Minnesota Statewide (Twin Cities metro + Duluth, Rochester, St. Cloud, Mankato, Moorhead, Brainerd, Bemidji, Winona, Alexandria)",3.1
Lester Park,646 acres; 9+ miles of hiking/mountain biking trails; scenic streams,parks,free,Free,all ages,"Duluth, MN",46.8000,-92.0500,https://images.pexels.com/photos/17504302/pexels-photo-17504302.jpeg,curated_category,,,218-730-4700,https://duluthmn.gov/parks/,FALSE,,,"outdoor,duluth","Minnesota Statewide (Twin Cities metro + Duluth, Rochester, St. Cloud, Mankato, Moorhead, Brainerd, Bemidji, Winona, Alexandria)",3.1
Lily Lake Park,"Family-friendly park in the Twin Cities metro area. Lily Lake Park offers playground, beach, picnic and more.",parks,Free,Free,all-ages,"1003 S Greeley St, Stillwater, MN 55082",45.0545,-92.813,https://images.pexels.com/photos/17504302/pexels-photo-17504302.jpeg,curated_category,,,,https://www.stillwatermn.gov/Home/Components/FacilityDirectory/FacilityDirectory/2/127,FALSE,,,"playground,beach,picnic,trails","Minnesota Statewide (Twin Cities metro + Duluth, Rochester, St. Cloud, Mankato, Moorhead, Brainerd, Bemidji, Winona, Alexandria)",3.1
Lilydale Regional Park,"Family-friendly park in the Twin Cities metro area. Lilydale Regional Park offers trails, river, picnic and more.",parks,Free,Free,all-ages,"1 Fern Hollow Rd, St. Paul, MN 55118",44.9089,-93.145,https://images.pexels.com/photos/17504302/pexels-photo-17504302.jpeg,curated_category,,,,https://www.stpaul.gov/facilities/lilydale-regional-park,FALSE,,,"trails,river,picnic","Minnesota Statewide (Twin Cities metro + Duluth, Rochester, St. Cloud, Mankato, Moorhead, Brainerd, Bemidji, Winona, Alexandria)",3.1
Loring Park,"Family-friendly park in the Twin Cities metro area. Loring Park offers playground, pond, picnic and more.",parks,Free,Free,all-ages,"1382 Willow St, Minneapolis, MN 55403",44.9696,-93.2896,https://images.pexels.com/photos/17504302/pexels-photo-17504302.jpeg,curated_category,,,,https://www.minneapolisparks.org/parks-destinations/parks-lakes/loring_park/,FALSE,,,"playground,pond,picnic","Minnesota Statewide (Twin Cities metro + Duluth, Rochester, St. Cloud, Mankato, Moorhead, Brainerd, Bemidji, Winona, Alexandria)",3.1
Louisville Swamp Unit (MN Valley),"Family-friendly park in the Twin Cities metro area. Louisville Swamp Unit (MN Valley) offers trails, nature center, picnic and more.",parks,Free,Free,all-ages,"9825 Old Cedar Ave, Shakopee, MN 55379",44.7267,-93.4948,https://images.pexels.com/photos/17504302/pexels-photo-17504302.jpeg,curated_category,,,,https://www.fws.gov/refuge/minnesota-valley/visit-us,FALSE,,,"trails,nature center,picnic","Minnesota Statewide (Twin Cities metro + Duluth, Rochester, St. Cloud, Mankato, Moorhead, Brainerd, Bemidji, Winona, Alexandria)",3.1
Lowell Park,"Family-friendly park in the Twin Cities metro area. Lowell Park offers playground, river, picnic and more.",parks,Free,Free,all-ages,"102 N Main St, Stillwater, MN 55082",45.057,-92.8048,https://images.pexels.com/photos/17504302/pexels-photo-17504302.jpeg,curated_category,,,,https://www.stillwatermn.gov/Home/Components/FacilityDirectory/FacilityDirectory/4/127,FALSE,,,"playground,river,picnic","Minnesota Statewide (Twin Cities metro + Duluth, Rochester, St. Cloud, Mankato, Moorhead, Brainerd, Bemidji, Winona, Alexandria)",3.1
Martin Luther King Jr. Park,"Family-friendly park in the Twin Cities metro area. Martin Luther King Jr. Park offers playground, splash pad, picnic and more.",parks,Free,Free,all-ages,"4055 Nicollet Ave, Minneapolis, MN 55409",44.9247,-93.29,https://images.pexels.com/photos/17504302/pexels-photo-17504302.jpeg,curated_category,,,,https://www.minneapolisparks.org/parks-destinations/parks-lakes/rev_dr_martin_luther_king_jr_park/,FALSE,,,"playground,splash pad,picnic,accessible","Minnesota Statewide (Twin Cities metro + Duluth, Rochester, St. Cloud, Mankato, Moorhead, Brainerd, Bemidji, Winona, Alexandria)",3.1
Minnehaha Regional Park,Iconic 53-foot waterfall; historic Longfellow House; extensive trails along Mississippi River gorge,parks,free,Free,all ages,"Minneapolis, MN",44.9153,-93.2111,https://www.minneapolisparks.org/wp-content/uploads/2018/11/minnehaha_park_fallsfamily.jpg,curated,,,,https://www.minneapolisparks.org,FALSE,,,outdoor,"Minnesota Statewide (Twin Cities metro + Duluth, Rochester, St. Cloud, Mankato, Moorhead, Brainerd, Bemidji, Winona, Alexandria)",3.1
Minnesota Landscape Arboretum,"1,200 acres of gardens and natural areas; family programs; tram tours",parks,paid,$16 adults / free ages 15 and under,all ages,"Chanhassen, MN",44.8617,-93.6367,https://arb.umn.edu/sites/arb.umn.edu/files/styles/folwell_slideshow/public/2026-07/lillies_720x480.jpg.avif?itok=uroHFFfX,curated,,,952-443-1400,https://arb.umn.edu,FALSE,,,outdoor,"Minnesota Statewide (Twin Cities metro + Duluth, Rochester, St. Cloud, Mankato, Moorhead, Brainerd, Bemidji, Winona, Alexandria)",3.1
Minnesota Valley National Wildlife Refuge,Urban wildlife refuge along Minnesota River; hiking trails; wildlife viewing,parks,free,Free,all ages,"Bloomington, MN",44.7833,-93.3000,https://images.pexels.com/photos/17504302/pexels-photo-17504302.jpeg,curated_category,,,952-854-5900,https://www.fws.gov/refuge/minnesota-valley,FALSE,,,outdoor,"Minnesota Statewide (Twin Cities metro + Duluth, Rochester, St. Cloud, Mankato, Moorhead, Brainerd, Bemidji, Winona, Alexandria)",3.1
Munsinger & Clemens Gardens,Winding shaded paths; informal and structured flower gardens; riverside location,parks,paid,$5 suggested donation,all ages,"St. Cloud, MN",45.5533,-94.1567,https://images.pexels.com/photos/17504302/pexels-photo-17504302.jpeg,curated_category,,,320-255-7272,https://www.stcloudgardens.org,FALSE,,,"outdoor,st-cloud","Minnesota Statewide (Twin Cities metro + Duluth, Rochester, St. Cloud, Mankato, Moorhead, Brainerd, Bemidji, Winona, Alexandria)",3.1
Murphy-Hanrehan Park Reserve,"Family-friendly park in the Twin Cities metro area. Murphy-Hanrehan Park Reserve offers trails, lake, picnic and more.",parks,Free,Free,all-ages,"15501 Murphy Lake Blvd, Savage, MN 55378",44.7278,-93.3925,https://images.pexels.com/photos/17504302/pexels-photo-17504302.jpeg,curated_category,,,,https://www.savagemn.gov/Home/Components/FacilityDirectory/FacilityDirectory/56/1194,FALSE,,,"trails,lake,picnic","Minnesota Statewide (Twin Cities metro + Duluth, Rochester, St. Cloud, Mankato, Moorhead, Brainerd, Bemidji, Winona, Alexandria)",3.1
Nerstrand Big Woods State Park,"Family-friendly park in the Twin Cities metro area. Nerstrand Big Woods State Park offers trails, waterfall, outstate and more.",parks,Free,Free,all-ages,"9700 170th St E, Nerstrand, MN 55053",44.3456,-93.0824,https://images.dnr.state.mn.us/destinations/state_parks/banners/spk00241.jpg,og_image,,,,https://www.dnr.state.mn.us/state_parks/park.html?id=spk00241,FALSE,,,"trails,waterfall,outstate,day-trip","Minnesota Statewide (Twin Cities metro + Duluth, Rochester, St. Cloud, Mankato, Moorhead, Brainerd, Bemidji, Winona, Alexandria)",3.1
Normandale Lake Park,"Family-friendly park in the Twin Cities metro area. Normandale Lake Park offers playground, trails, picnic and more.",parks,Free,Free,all-ages,"84th St & France Ave S, Bloomington, MN 55431",44.8499,-93.3488,https://images.pexels.com/photos/17504302/pexels-photo-17504302.jpeg,curated_category,,,,https://www.threeriversparks.org/location/normandale-lake,FALSE,,,"playground,trails,picnic","Minnesota Statewide (Twin Cities metro + Duluth, Rochester, St. Cloud, Mankato, Moorhead, Brainerd, Bemidji, Winona, Alexandria)",3.1
North Mississippi Regional Park,"Family-friendly park in the Twin Cities metro area. North Mississippi Regional Park offers trails, river, nature center and more.",parks,Free,Free,all-ages,"4901 N Mississippi Dr, Minneapolis, MN 55412",45.0384,-93.265,https://images.pexels.com/photos/17504302/pexels-photo-17504302.jpeg,curated_category,,,,https://www.minneapolisparks.org/parks-destinations/parks-lakes/north_mississippi_regional_park/,FALSE,,,"trails,river,nature center,picnic","Minnesota Statewide (Twin Cities metro + Duluth, Rochester, St. Cloud, Mankato, Moorhead, Brainerd, Bemidji, Winona, Alexandria)",3.1
Park Point Recreation Area,Beach along Lake Superior; playground; BBQ grills; picnic tables; connected by Aerial Lift Bridge,parks,free,Free,all ages,"Duluth, MN",46.7333,-92.0667,https://images.pexels.com/photos/17504302/pexels-photo-17504302.jpeg,curated_category,,,218-730-4700,https://duluthmn.gov/parks/,FALSE,,,"outdoor,duluth","Minnesota Statewide (Twin Cities metro + Duluth, Rochester, St. Cloud, Mankato, Moorhead, Brainerd, Bemidji, Winona, Alexandria)",3.1
Parkers Lake Park,"Family-friendly park in the Twin Cities metro area. Parkers Lake Park offers playground, beach, trails and more.",parks,Free,Free,all-ages,"15900 County Rd 6, Plymouth, MN 55447",44.9714,-93.471,https://images.pexels.com/photos/17504302/pexels-photo-17504302.jpeg,curated_category,,,,https://www.plymouthmn.gov/departments/parks-recreation-/facilities-reservations/park-buildings-shelters,FALSE,,,"playground,beach,trails,picnic","Minnesota Statewide (Twin Cities metro + Duluth, Rochester, St. Cloud, Mankato, Moorhead, Brainerd, Bemidji, Winona, Alexandria)",3.1
Phalen Regional Park,"Family-friendly park in the Twin Cities metro area. Phalen Regional Park offers playground, beach, trails and more.",parks,Free,Free,all-ages,"1600 Phalen Dr, St. Paul, MN 55106",44.9897,-93.0755,https://images.pexels.com/photos/17504302/pexels-photo-17504302.jpeg,curated_category,,,,https://www.stpaul.gov/facilities/phalen-regional-park,FALSE,,,"playground,beach,trails,picnic,fishing","Minnesota Statewide (Twin Cities metro + Duluth, Rochester, St. Cloud, Mankato, Moorhead, Brainerd, Bemidji, Winona, Alexandria)",3.1
Pine Tree Pond Park,"Family-friendly park in the Twin Cities metro area. Pine Tree Pond Park offers playground, trails and more.",parks,Free,Free,all-ages,"1485 Settlers Ridge Pkwy, Woodbury, MN 55125",44.9104,-92.9264,https://images.pexels.com/photos/17504302/pexels-photo-17504302.jpeg,curated_category,,,,https://www.cottagegrovemn.gov/Facilities/Facility/Details/Pine-Tree-Pond-Park-27,FALSE,,,"playground,trails","Minnesota Statewide (Twin Cities metro + Duluth, Rochester, St. Cloud, Mankato, Moorhead, Brainerd, Bemidji, Winona, Alexandria)",3.1
Powderhorn Park,"Family-friendly park in the Twin Cities metro area. Powderhorn Park offers playground, lake, picnic and more.",parks,Free,Free,all-ages,"3400 15th Ave S, Minneapolis, MN 55407",44.9271,-93.2607,https://images.pexels.com/photos/17504302/pexels-photo-17504302.jpeg,curated_category,,,,https://www.minneapolisparks.org/parks-destinations/parks-lakes/powderhorn_park/,FALSE,,,"playground,lake,picnic,skating","Minnesota Statewide (Twin Cities metro + Duluth, Rochester, St. Cloud, Mankato, Moorhead, Brainerd, Bemidji, Winona, Alexandria)",3.1
Purgatory Creek Park,"Family-friendly park in the Twin Cities metro area. Purgatory Creek Park offers playground, trails, picnic and more.",parks,Free,Free,all-ages,"12100 Riverview Rd, Eden Prairie, MN 55344",44.8612,-93.436,https://images.pexels.com/photos/17504302/pexels-photo-17504302.jpeg,curated_category,,,,https://www.edenprairiemn.gov/home/components/facilitydirectory/facilitydirectory/96/1343,FALSE,,,"playground,trails,picnic","Minnesota Statewide (Twin Cities metro + Duluth, Rochester, St. Cloud, Mankato, Moorhead, Brainerd, Bemidji, Winona, Alexandria)",3.1
Quarry Hill Nature Center,320-acre park; many trails; fossil beds; fishing pond; caves; hands-on exhibits,parks,paid,$5,all ages,"Rochester, MN",44.0333,-92.3667,https://images.pexels.com/photos/17504302/pexels-photo-17504302.jpeg,curated_category,,,507-281-6114,https://www.rochestermn.gov/,FALSE,,,"outdoor,rochester","Minnesota Statewide (Twin Cities metro + Duluth, Rochester, St. Cloud, Mankato, Moorhead, Brainerd, Bemidji, Winona, Alexandria)",3.1
Rice Creek Chain of Lakes Regional Park,"Family-friendly park in the Twin Cities metro area. Rice Creek Chain of Lakes Regional Park offers trails, lake, picnic and more.",parks,Free,Free,all-ages,"7401 Main St, Lino Lakes, MN 55014",45.095,-93.126,http://static1.squarespace.com/static/65118c77da5b78107a475b4c/65934c7f58c6100fc6f1c720/659eff28b7d6405ceb2e6904/1772729019896/RiceCreekChain.jpg?format=1500w,og_image,,,,https://www.anokacountyparks.com/parks/rice-creek-chain-of-lakes,FALSE,,,"trails,lake,picnic","Minnesota Statewide (Twin Cities metro + Duluth, Rochester, St. Cloud, Mankato, Moorhead, Brainerd, Bemidji, Winona, Alexandria)",3.1
Richardson Nature Center,"Family-friendly park in the Twin Cities metro area. Richardson Nature Center offers nature center, trails, picnic and more.",parks,Free,Free,all-ages,"8737 E Bush Lake Rd, Bloomington, MN 55438",44.8577,-93.3713,https://images.pexels.com/photos/17504302/pexels-photo-17504302.jpeg,curated_category,,,,https://www.threeriversparks.org/location/richardson-nature-center,FALSE,,,"nature center,trails,picnic","Minnesota Statewide (Twin Cities metro + Duluth, Rochester, St. Cloud, Mankato, Moorhead, Brainerd, Bemidji, Winona, Alexandria)",3.1
Richfield Outdoor Pool & New Splash Pad,"Family-friendly park in the Twin Cities metro area. Richfield Outdoor Pool & New Splash Pad offers playground, splash pad, swimming and more.",parks,Free,Free,all-ages,"630 E 66th St, Richfield, MN 55423",44.8704,-93.2775,https://images.pexels.com/photos/17504302/pexels-photo-17504302.jpeg,curated_category,,,,https://www.richfieldmn.gov/621/Outdoor-Pool,FALSE,,,"playground,splash pad,swimming,picnic","Minnesota Statewide (Twin Cities metro + Duluth, Rochester, St. Cloud, Mankato, Moorhead, Brainerd, Bemidji, Winona, Alexandria)",3.1
Ritter Farm Park,"Family-friendly park in the Twin Cities metro area. Ritter Farm Park offers playground, splash pad, trails and more.",parks,Free,Free,all-ages,"21250 Dodd Blvd, Lakeville, MN 55044",44.6583,-93.2455,https://images.pexels.com/photos/17504302/pexels-photo-17504302.jpeg,curated_category,,,,https://www.lakevillemn.gov/1283/Ritter-Farm-Park,FALSE,,,"playground,splash pad,trails,picnic","Minnesota Statewide (Twin Cities metro + Duluth, Rochester, St. Cloud, Mankato, Moorhead, Brainerd, Bemidji, Winona, Alexandria)",3.1
Sibley Park,Between Minnesota and Blue Earth Rivers; historic Mankato park; petting zoo; unique playground,parks,free,Free,all ages,"Mankato, MN",44.1833,-93.9667,https://images.pexels.com/photos/17504302/pexels-photo-17504302.jpeg,curated_category,,,507-389-1400,https://greatermankato.com/,FALSE,,,"outdoor,mankato","Minnesota Statewide (Twin Cities metro + Duluth, Rochester, St. Cloud, Mankato, Moorhead, Brainerd, Bemidji, Winona, Alexandria)",3.1
Silver Lake Park,"Boating, fishing; accessible playground; pool; skate park; dog park; extensive trails and sports",parks,free,Free,all ages,"Rochester, MN",44.0167,-92.4833,https://images.pexels.com/photos/17504302/pexels-photo-17504302.jpeg,curated_category,,,507-280-1500,https://www.rochestermn.gov/,FALSE,,,"outdoor,dog-friendly,rochester","Minnesota Statewide (Twin Cities metro + Duluth, Rochester, St. Cloud, Mankato, Moorhead, Brainerd, Bemidji, Winona, Alexandria)",3.1
Silverwood Park,Art-integrated park with sculptures; lake; art classes; walking trails,parks,free,Free,all ages,"St. Anthony, MN",45.0333,-93.2167,https://images.pexels.com/photos/17504302/pexels-photo-17504302.jpeg,curated_category,,,763-571-8087,https://www.threeriversparks.org,FALSE,,,outdoor,"Minnesota Statewide (Twin Cities metro + Duluth, Rochester, St. Cloud, Mankato, Moorhead, Brainerd, Bemidji, Winona, Alexandria)",3.1
Split Rock Lighthouse State Park,Historic lighthouse on Lake Superior cliff; tours; hiking trails; picnic area,parks,paid,$7 vehicle permit; lighthouse tour extra,all ages,"Two Harbors, MN",47.2000,-91.3667,https://images.dnr.state.mn.us/destinations/state_parks/banners/spk00266.jpg?stamp=1784403419,curated,,,218-226-6372,https://www.dnr.state.mn.us/state_parks/park.html?id=spk00191,FALSE,,,"outdoor,duluth","Minnesota Statewide (Twin Cities metro + Duluth, Rochester, St. Cloud, Mankato, Moorhead, Brainerd, Bemidji, Winona, Alexandria)",3.1
Spring Lake Park Reserve,"Family-friendly park in the Twin Cities metro area. Spring Lake Park Reserve offers trails, beach, picnic and more.",parks,Free,Free,all-ages,"17111 Howard Lake Rd, Prior Lake, MN 55372",44.7244,-93.423,https://images.pexels.com/photos/17504302/pexels-photo-17504302.jpeg,curated_category,,,,https://www.threeriversparks.org/location/spring-lake-regional-park,FALSE,,,"trails,beach,picnic","Minnesota Statewide (Twin Cities metro + Duluth, Rochester, St. Cloud, Mankato, Moorhead, Brainerd, Bemidji, Winona, Alexandria)",3.1
Staring Lake Park,"Family-friendly park in the Twin Cities metro area. Staring Lake Park offers playground, trails, picnic and more.",parks,Free,Free,all-ages,"14800 Pioneer Trail, Eden Prairie, MN 55347",44.8392,-93.4494,https://images.pexels.com/photos/17504302/pexels-photo-17504302.jpeg,curated_category,,,,https://www.edenprairiemn.gov/home/components/facilitydirectory/facilitydirectory/146/1343,FALSE,,,"playground,trails,picnic,concert","Minnesota Statewide (Twin Cities metro + Duluth, Rochester, St. Cloud, Mankato, Moorhead, Brainerd, Bemidji, Winona, Alexandria)",3.1
Swede Hollow Park,"Family-friendly park in the Twin Cities metro area. Swede Hollow Park offers trails, nature center, picnic and more.",parks,Free,Free,all-ages,"650 Beaumont St, St. Paul, MN 55106",44.953,-93.0805,https://images.pexels.com/photos/17504302/pexels-photo-17504302.jpeg,curated_category,,,,https://www.stpaul.gov/facilities/swede-hollow-park,FALSE,,,"trails,nature center,picnic","Minnesota Statewide (Twin Cities metro + Duluth, Rochester, St. Cloud, Mankato, Moorhead, Brainerd, Bemidji, Winona, Alexandria)",3.1
Tamarack Nature Center,"Family-friendly park in the Twin Cities metro area. Tamarack Nature Center offers nature center, trails, picnic and more.",parks,Free,Free,all-ages,"5287 Otter Lake Rd, White Bear Township, MN 55110",45.0576,-93.0038,https://images.pexels.com/photos/17504302/pexels-photo-17504302.jpeg,curated_category,,,,https://www.ramseycountymn.gov/residents/parks-recreation/tamarack-nature-center,FALSE,,,"nature center,trails,picnic","Minnesota Statewide (Twin Cities metro + Duluth, Rochester, St. Cloud, Mankato, Moorhead, Brainerd, Bemidji, Winona, Alexandria)",3.1
Theodore Wirth Regional Park,"Family-friendly park in the Twin Cities metro area. Theodore Wirth Regional Park offers playground, beach, trails and more.",parks,Free,Free,all-ages,"1301 Theodore Wirth Pkwy, Minneapolis, MN 55422",45.0045,-93.3324,https://images.pexels.com/photos/17504302/pexels-photo-17504302.jpeg,curated_category,,,,https://www.minneapolisparks.org/parks-destinations/parks-lakes/theodore_wirth_regional_park/,FALSE,,,"playground,beach,trails,skiing,nature center,dog-friendly","Minnesota Statewide (Twin Cities metro + Duluth, Rochester, St. Cloud, Mankato, Moorhead, Brainerd, Bemidji, Winona, Alexandria)",3.1
Voyageurs National Park,Water-based national park; boat tours; houseboating; Northern Lights viewing,parks,free,Free (fees for some activities),all ages,"International Falls, MN",48.5000,-92.8833,https://images.pexels.com/photos/17504302/pexels-photo-17504302.jpeg,curated_category,,,218-283-6600,https://www.nps.gov/voya,FALSE,,,outdoor,"Minnesota Statewide (Twin Cities metro + Duluth, Rochester, St. Cloud, Mankato, Moorhead, Brainerd, Bemidji, Winona, Alexandria)",3.1
Webber Park,"Family-friendly park in the Twin Cities metro area. Webber Park offers playground, swimming, trails and more.",parks,Free,Free,all-ages,"4400 Dupont Ave N, Minneapolis, MN 55412",44.9969,-93.2932,https://images.pexels.com/photos/17504302/pexels-photo-17504302.jpeg,curated_category,,,,https://www.minneapolisparks.org/parks-destinations/parks-lakes/webber_park/,FALSE,,,"playground,swimming,trails","Minnesota Statewide (Twin Cities metro + Duluth, Rochester, St. Cloud, Mankato, Moorhead, Brainerd, Bemidji, Winona, Alexandria)",3.1
West Medicine Lake Park,"Family-friendly park in the Twin Cities metro area. West Medicine Lake Park offers beach, fishing, picnic and more.",parks,Free,Free,all-ages,"1705 Forestview Ln N, Plymouth, MN 55441",45.0068,-93.4227,https://images.pexels.com/photos/17504302/pexels-photo-17504302.jpeg,curated_category,,,,https://www.plymouthmn.gov/departments/parks-recreation-/facilities-reservations/park-buildings-shelters,FALSE,,,"beach,fishing,picnic,trails","Minnesota Statewide (Twin Cities metro + Duluth, Rochester, St. Cloud, Mankato, Moorhead, Brainerd, Bemidji, Winona, Alexandria)",3.1
Westwood Hills Nature Center,"Family-friendly park in the Twin Cities metro area. Westwood Hills Nature Center offers nature center, trails, picnic and more.",parks,Free,Free,all-ages,"8300 W Franklin Ave, St. Louis Park, MN 55426",44.9491,-93.386,https://images.pexels.com/photos/17504302/pexels-photo-17504302.jpeg,curated_category,,,,https://www.stlouisparkmn.gov/our-city/facilites-buildings/westwood-hills-nature-center,FALSE,,,"nature center,trails,picnic","Minnesota Statewide (Twin Cities metro + Duluth, Rochester, St. Cloud, Mankato, Moorhead, Brainerd, Bemidji, Winona, Alexandria)",3.1
Whitewater State Park,"Family-friendly park in the Twin Cities metro area. Whitewater State Park offers trails, swimming, camping and more.",parks,Free,Free,all-ages,"19041 Highway 74, Altura, MN 55910",44.0669,-92.0344,https://images.dnr.state.mn.us/destinations/state_parks/banners/spk00280.jpg,og_image,,,,https://www.dnr.state.mn.us/state_parks/park.html?id=spk00280,FALSE,,,"trails,swimming,camping,fishing,outstate,day-trip","Minnesota Statewide (Twin Cities metro + Duluth, Rochester, St. Cloud, Mankato, Moorhead, Brainerd, Bemidji, Winona, Alexandria)",3.1
Wolfe Park,"Family-friendly park in the Twin Cities metro area. Wolfe Park offers playground, picnic, concert and more.",parks,Free,Free,all-ages,"3700 Monterey Dr, St. Louis Park, MN 55416",44.9281,-93.3645,https://images.pexels.com/photos/17504302/pexels-photo-17504302.jpeg,curated_category,,,,https://www.stlouisparkmn.gov/Home/Components/FacilityDirectory/FacilityDirectory/50/130,FALSE,,,"playground,picnic,concert","Minnesota Statewide (Twin Cities metro + Duluth, Rochester, St. Cloud, Mankato, Moorhead, Brainerd, Bemidji, Winona, Alexandria)",3.1
Wood Lake Nature Center - Richfield,Urban nature sanctuary; boardwalk trails; wildlife viewing; environmental education,parks,free,Free,all ages,"Richfield, MN",44.8600,-93.2833,https://images.pexels.com/photos/17504302/pexels-photo-17504302.jpeg,curated_category,,,612-861-9365,https://www.richfieldmn.gov,FALSE,,,outdoor,"Minnesota Statewide (Twin Cities metro + Duluth, Rochester, St. Cloud, Mankato, Moorhead, Brainerd, Bemidji, Winona, Alexandria)",3.1
Duluth Lakewalk,"Scenic paved waterfront path along Lake Superior, popular for walking, biking and rock-skipping.",parks,Free,Free,all-ages,"Duluth, MN",46.7867,-92.1005,https://images.pexels.com/photos/17504302/pexels-photo-17504302.jpeg,curated_category,,,,https://visitduluth.com/,FALSE,,,"walking-trail,waterfront,lake-superior,duluth","Minnesota Statewide (Twin Cities metro + Duluth, Rochester, St. Cloud, Mankato, Moorhead, Brainerd, Bemidji, Winona, Alexandria)",3.1
Lake Superior Zoo,Zoo with over a mile of scenic trails through natural habitats; Wellness Wednesdays June-Aug for walking/jogging.,parks,Paid,Zoo admission,"all-ages,family","7210 Fremont St, Duluth, MN",46.7867,-92.1005,https://images.pexels.com/photos/17504302/pexels-photo-17504302.jpeg,curated_category,,,,https://lszoo.org/,FALSE,,,"zoo,hiking,animal-viewing,duluth","Minnesota Statewide (Twin Cities metro + Duluth, Rochester, St. Cloud, Mankato, Moorhead, Brainerd, Bemidji, Winona, Alexandria)",3.1
Soldiers Field Memorial Park,"Community park with war memorial, Field of Fun play area, track, softball diamond, tennis courts and aquatic center.",parks,Free,Free,"all-ages,family","Rochester, MN",44.0121,-92.4802,https://live.staticflickr.com/6012/6205997306_c2609f848d_b.jpg,curated_category,,,,https://www.rochestermn.gov/departments/parks-and-recreation,FALSE,,,"memorial,playground,aquatic-center,sports,rochester","Minnesota Statewide (Twin Cities metro + Duluth, Rochester, St. Cloud, Mankato, Moorhead, Brainerd, Bemidji, Winona, Alexandria)",3.1
Douglas Trail,"12.5-mile multi-use trail for hiking, biking and horseback riding in summer.",parks,Free,Free,"all-ages,family","Rochester, MN",44.0121,-92.4802,https://images.dnr.state.mn.us/destinations/state_trails/douglas/douglas_banner.jpg,og_image,,,,https://www.dnr.state.mn.us/state_trails/douglas/index.html,FALSE,,,"multi-use-trail,hiking,biking,rochester","Minnesota Statewide (Twin Cities metro + Duluth, Rochester, St. Cloud, Mankato, Moorhead, Brainerd, Bemidji, Winona, Alexandria)",3.1
Oxbow Park and Zollman Zoo,"572-acre county park 15 minutes from Rochester with picnic areas, fishing, hiking trails and 30+ native MN animal species.",parks,Free,Free,"all-ages,family","5731 County Rd 105 NW, Byron, MN",44.0121,-92.4802,https://images.pexels.com/photos/17504302/pexels-photo-17504302.jpeg,curated_category,,,,https://www.co.olmsted.mn.us/oxbow,FALSE,,,"zoo,hiking,picnic,animal-viewing,rochester","Minnesota Statewide (Twin Cities metro + Duluth, Rochester, St. Cloud, Mankato, Moorhead, Brainerd, Bemidji, Winona, Alexandria)",3.1
Lake George/Eastman Park,"Park with Lake George access, playground, splash pad, picnic tables, performance stage and 1+ mile of walking trails.",parks,Free,Free,"all-ages,family","Downtown St. Cloud, MN",45.5579,-94.1632,https://images.pexels.com/photos/17504302/pexels-photo-17504302.jpeg,curated_category,,,,https://ci.stcloud.mn.us/174/Lake-GeorgeEastman-Park,FALSE,,,"lake,playground,splash-pad,trails,st-cloud;lake,water-activities,downtown,st-cloud","Minnesota Statewide (Twin Cities metro + Duluth, Rochester, St. Cloud, Mankato, Moorhead, Brainerd, Bemidji, Winona, Alexandria)",3.1
Quarry Park & Nature Preserve,"500-acre nature preserve with trails, spring-fed swimming quarries and rock-climbing opportunities.",parks,Paid,Vehicle permit,"all-ages,family","1802 Co Rd 137, Waite Park, MN",45.5579,-94.1632,https://images.pexels.com/photos/17504302/pexels-photo-17504302.jpeg,curated_category,,,,https://www.stearnscountymn.gov/173/Quarry-Park-Nature-Preserve,FALSE,,,"nature,trails,swimming,st-cloud","Minnesota Statewide (Twin Cities metro + Duluth, Rochester, St. Cloud, Mankato, Moorhead, Brainerd, Bemidji, Winona, Alexandria)",3.1
Kraemer Lake & Wildwood Park,Central Minnesota park with trails and natural features for family outdoor exploration.,parks,Free,Free,"all-ages,family","St. Cloud area, MN",45.5579,-94.1632,https://images.pexels.com/photos/17504302/pexels-photo-17504302.jpeg,curated_category,,,,https://www.stearnscountymn.gov/390/Kraemer-Lake-Wildwood-County-Park,FALSE,,,"nature,trails,lake,st-cloud","Minnesota Statewide (Twin Cities metro + Duluth, Rochester, St. Cloud, Mankato, Moorhead, Brainerd, Bemidji, Winona, Alexandria)",3.1
Chapel Trail at St. John's University,Scenic hiking trail through university grounds and natural areas near St. Cloud.,parks,Free,Free,"all-ages,family","Collegeville, MN",45.5579,-94.1632,https://images.pexels.com/photos/17504302/pexels-photo-17504302.jpeg,curated_category,,,,https://www.csbsju.edu/outdooru/aboutus/maps-publications/chapeltrail/,FALSE,,,"hiking,scenic,st-cloud","Minnesota Statewide (Twin Cities metro + Duluth, Rochester, St. Cloud, Mankato, Moorhead, Brainerd, Bemidji, Winona, Alexandria)",3.1
Lake Park (Winona),"5+ mile paved loop trail around both segments of Lake Winona; flat, family-friendly terrain for biking, skating, running and walking.",parks,Free,Free,"all-ages,family","Lake Park, Winona, MN",44.0499,-91.6393,https://images.pexels.com/photos/17504302/pexels-photo-17504302.jpeg,curated_category,,,,https://www.winonamn.gov/780/Outdoor-Recreation,FALSE,,,"trails,biking,walking,winona","Minnesota Statewide (Twin Cities metro + Duluth, Rochester, St. Cloud, Mankato, Moorhead, Brainerd, Bemidji, Winona, Alexandria)",3.1
East Lake Park Bandshell,"Green space for running, playing, picnicking, kite flying and fishing; home to weekly Winona Municipal Band concerts and a small toddler play area.",parks,Free,Free,"all-ages,family","East Lake Park, Winona, MN",44.0499,-91.6393,https://images.pexels.com/photos/17504302/pexels-photo-17504302.jpeg,curated_category,,,,https://visitwinona.com/things-to-do/recreation/,FALSE,,,"playground,concerts,winona","Minnesota Statewide (Twin Cities metro + Duluth, Rochester, St. Cloud, Mankato, Moorhead, Brainerd, Bemidji, Winona, Alexandria)",3.1
Bluffside Park Trails,15 miles of scenic hiking trails through forest and along blufftops with winding curves and short steep climbs.,parks,Free,Free,"kids,tweens,family","Bluffside Park, Winona, MN",44.0499,-91.6393,https://images.pexels.com/photos/17504302/pexels-photo-17504302.jpeg,curated_category,,,,https://www.winonamn.gov/780/Outdoor-Recreation,FALSE,,,"trails,hiking,winona","Minnesota Statewide (Twin Cities metro + Duluth, Rochester, St. Cloud, Mankato, Moorhead, Brainerd, Bemidji, Winona, Alexandria)",3.1
Sugar Loaf Bluff,"Well-known bluff with a unique granite pinnacle offering views of Wisconsin, Minnesota and the Mississippi River; easy hike suitable for all ages.",parks,Free,Free,"kids,family","Sugar Loaf, Winona, MN",44.0499,-91.6393,https://images.pexels.com/photos/17504302/pexels-photo-17504302.jpeg,curated_category,,,,https://visitwinona.com/things-to-do/recreation/,FALSE,,,"hiking,bluff,scenic-views,winona","Minnesota Statewide (Twin Cities metro + Duluth, Rochester, St. Cloud, Mankato, Moorhead, Brainerd, Bemidji, Winona, Alexandria)",3.1
Alexandria City Park,"Public beach on Lake Henry with playground, fishing pier, bandstand shelter, picnic areas and Central Lakes Trail access.",parks,Free,Free,"all-ages,family","118 City Park Road, Alexandria, MN",45.8852,-95.3766,https://images.pexels.com/photos/17504302/pexels-photo-17504302.jpeg,curated_category,,,,https://alexandriamn.city/city-parks-trails/,FALSE,,,"beach,playground,alexandria","Minnesota Statewide (Twin Cities metro + Duluth, Rochester, St. Cloud, Mankato, Moorhead, Brainerd, Bemidji, Winona, Alexandria)",3.1
Lake Le Homme Dieu Public Beaches,Two sandy public beaches with lifeguard supervision and a roped area for younger swimmers.,parks,Free,Free,"all-ages,family","Lake Le Homme Dieu, Alexandria, MN",45.8852,-95.3766,https://images.pexels.com/photos/17504302/pexels-photo-17504302.jpeg,curated_category,,,,https://www.douglascountymn.gov/lake-le-homme-dieu-beach,FALSE,,,"beach,swimming,alexandria","Minnesota Statewide (Twin Cities metro + Duluth, Rochester, St. Cloud, Mankato, Moorhead, Brainerd, Bemidji, Winona, Alexandria)",3.1
Lake Latoka Beach,Sandy beach and family picnic area on Lake Latoka.,parks,Free,Free,"all-ages,family","Lake Latoka, Alexandria, MN",45.8852,-95.3766,https://images.pexels.com/photos/17504302/pexels-photo-17504302.jpeg,curated_category,,,,https://explorealex.com/attraction-category/beaches/,FALSE,,,"beach,picnic,alexandria","Minnesota Statewide (Twin Cities metro + Duluth, Rochester, St. Cloud, Mankato, Moorhead, Brainerd, Bemidji, Winona, Alexandria)",3.1
Highland Park (Mankato),"Playground with high climbing structures, diverse play equipment and a short exercise trail.",parks,Free,Free,"kids,tweens,family","Mankato, MN",44.1636,-93.9994,https://images.pexels.com/photos/17504302/pexels-photo-17504302.jpeg,curated_category,,,,https://www.mankatomn.gov/Home/Components/FacilityDirectory/FacilityDirectory/38/513,FALSE,,,"playground,climbing,mankato","Minnesota Statewide (Twin Cities metro + Duluth, Rochester, St. Cloud, Mankato, Moorhead, Brainerd, Bemidji, Winona, Alexandria)",3.1
Alexander Park,"Recently renovated park with a climbing spot, zipline, spinning play equipment, basketball and tennis courts, and a baseball field.",parks,Free,Free,"kids,tweens,family,all-ages","Mankato, MN",44.1636,-93.9994,https://live.staticflickr.com/6012/6205997306_c2609f848d_b.jpg,curated_category,,,,https://www.mankatomn.gov/Home/Components/FacilityDirectory/FacilityDirectory/10/513,FALSE,,,"playground,sports,zipline,mankato","Minnesota Statewide (Twin Cities metro + Duluth, Rochester, St. Cloud, Mankato, Moorhead, Brainerd, Bemidji, Winona, Alexandria)",3.1
Spring Lake Park (North Mankato),"Family destination with a renovated swim facility, shelters, walking trails, playground equipment, sand volleyball and ball fields.",parks,Free,Pool has fee,"all-ages,family","North Mankato, MN",44.1719,-94.0169,https://live.staticflickr.com/6012/6205997306_c2609f848d_b.jpg,curated_category,,,,https://www.northmankato.com/services/public_works/parks/facility_reservations/spring_lake_park.php,FALSE,,,"playground,water-activities,sports,north-mankato","Minnesota Statewide (Twin Cities metro + Duluth, Rochester, St. Cloud, Mankato, Moorhead, Brainerd, Bemidji, Winona, Alexandria)",3.1
Land of Memories Park,"Large park featuring a free disc golf course, open spaces, playground and rental pavilion.",parks,Free,Free,"kids,tweens,family,all-ages","Mankato, MN",44.1636,-93.9994,https://images.pexels.com/photos/17504302/pexels-photo-17504302.jpeg,curated_category,,,,https://www.mankatomn.gov/about-mankato/parks-trails-and-recreation/community-parks/land-of-memories-park,FALSE,,,"disc-golf,playground,open-spaces,mankato","Minnesota Statewide (Twin Cities metro + Duluth, Rochester, St. Cloud, Mankato, Moorhead, Brainerd, Bemidji, Winona, Alexandria)",3.1
Woodlawn Park (Moorhead),"Community park with playgrounds, picnic areas and open spaces for games and activities.",parks,Free,Free,"kids,family,all-ages","Moorhead, MN",46.8738,-96.7678,https://images.pexels.com/photos/17504302/pexels-photo-17504302.jpeg,curated_category,,,,https://www.moorheadmn.gov/Home/Components/FacilityDirectory/FacilityDirectory/25/543,FALSE,,,"playground,picnic,moorhead","Minnesota Statewide (Twin Cities metro + Duluth, Rochester, St. Cloud, Mankato, Moorhead, Brainerd, Bemidji, Winona, Alexandria)",3.1
Rotary Natural Play Hill & Bike Park,"Obstacle-course-style play hill with rocks, rolling hills, a treehouse, zipline and bike course.",parks,Free,Free,"kids,tweens,family","Moorhead, MN",46.8738,-96.7678,https://images.pexels.com/photos/17504302/pexels-photo-17504302.jpeg,curated_category,,,,https://www.moorheadmn.gov/parks-rec/parks-and-trails/rotary-natural-play-hill-and-bike-park/,FALSE,,,"playground,bike-park,zipline,natural-play,moorhead","Minnesota Statewide (Twin Cities metro + Duluth, Rochester, St. Cloud, Mankato, Moorhead, Brainerd, Bemidji, Winona, Alexandria)",3.1
Lum Park Recreation Area,"Family destination offering camping, fishing, swimming on Rice Lake, and a free nine-hole disc golf course.",parks,Free,Disc golf free; fees for other activities,"kids,family,all-ages","Northeast Brainerd, MN",46.358,-94.2008,https://images.pexels.com/photos/17504302/pexels-photo-17504302.jpeg,curated_category,,,,https://www.brainerdmn.gov/Facilities/Facility/Details/Lum-Park-9,FALSE,,,"water-activities,disc-golf,camping,fishing,brainerd","Minnesota Statewide (Twin Cities metro + Duluth, Rochester, St. Cloud, Mankato, Moorhead, Brainerd, Bemidji, Winona, Alexandria)",3.1
Kiwanis Park (Brainerd),South Brainerd park with walking trails along the Mississippi River and picnic facilities.,parks,Free,Free,"family,all-ages","South Brainerd, MN",46.358,-94.2008,https://images.pexels.com/photos/17504302/pexels-photo-17504302.jpeg,curated_category,,,,https://www.brainerdmn.gov/facilities/facility/details/Kiwanis-Park-8,FALSE,,,"trails,nature,river,brainerd","Minnesota Statewide (Twin Cities metro + Duluth, Rochester, St. Cloud, Mankato, Moorhead, Brainerd, Bemidji, Winona, Alexandria)",3.1
Northland Arboretum,"Over 400 acres of nature trails, gardens and unique ecosystems near Brainerd.",parks,Free,Free or minimal fee,"family,all-ages,kids","Baxter, MN",46.3466,-94.2836,https://northlandarb.org/wp-content/uploads/2025/06/bee.jpg,curated,,,,https://northlandarb.org/,FALSE,,,"nature-center,trails,gardens,arboretum,baxter","Minnesota Statewide (Twin Cities metro + Duluth, Rochester, St. Cloud, Mankato, Moorhead, Brainerd, Bemidji, Winona, Alexandria)",3.1
Charles A. Lindbergh State Park,"State park along the Mississippi River near Little Falls with hiking, swimming and biking, adjacent to the Lindbergh historic home site.",parks,Paid,Vehicle permit,"family,all-ages,kids","1615 Lindbergh Dr S, Little Falls, MN",46.358,-94.2008,https://images.pexels.com/photos/17504302/pexels-photo-17504302.jpeg,curated_category,,,,https://www.dnr.state.mn.us/state_parks/charles_a_lindbergh/,FALSE,,,"state-park,hiking,history,brainerd","Minnesota Statewide (Twin Cities metro + Duluth, Rochester, St. Cloud, Mankato, Moorhead, Brainerd, Bemidji, Winona, Alexandria)",3.1
Mille Lacs Kathio State Park,"One of Minnesota's largest state parks, with trails, an observation tower and Ojibwe/Dakota cultural history near Mille Lacs Lake.",parks,Paid,Vehicle permit,"family,all-ages,kids","15066 Kathio State Park Rd, Onamia, MN",46.358,-94.2008,https://images.pexels.com/photos/17504302/pexels-photo-17504302.jpeg,curated_category,,,,https://www.dnr.state.mn.us/state_parks/mille_lacs_kathio/,FALSE,,,"state-park,hiking,history,brainerd","Minnesota Statewide (Twin Cities metro + Duluth, Rochester, St. Cloud, Mankato, Moorhead, Brainerd, Bemidji, Winona, Alexandria)",3.1
Father Hennepin State Park,"Small, popular state park on Mille Lacs Lake with a sandy swimming beach and camping.",parks,Paid,Vehicle permit,"family,all-ages,kids","41675 Father Hennepin Park Rd, Isle, MN",46.1394,-93.468,https://images.pexels.com/photos/17504302/pexels-photo-17504302.jpeg,curated_category,,,,https://www.dnr.state.mn.us/state_parks/father_hennepin/,FALSE,,,"state-park,beach,swimming,camping,isle","Minnesota Statewide (Twin Cities metro + Duluth, Rochester, St. Cloud, Mankato, Moorhead, Brainerd, Bemidji, Winona, Alexandria)",3.1
Cameron Park (Bemidji),"Public park on Lake Bemidji with a sandy beach, swimming area, outdoor showers, playground, picnic tables and grills.",parks,Free,Free,"babies,toddlers,kids,family,all-ages","Lake Bemidji, Bemidji, MN",47.4737,-94.8803,https://images.pexels.com/photos/17504302/pexels-photo-17504302.jpeg,curated_category,,,,https://www.visitbemidji.com/venue/cameron-park/,FALSE,,,"beach,swimming,playground,picnic,bemidji","Minnesota Statewide (Twin Cities metro + Duluth, Rochester, St. Cloud, Mankato, Moorhead, Brainerd, Bemidji, Winona, Alexandria)",3.1
Mattocks Park,"Neighborhood park in St. Paul's Macalester-Groveland area with a playground and tot-lot, two tennis courts, a half-court basketball court, and outdoor pickleball courts, plus open fields for softball, soccer, football, and ultimate frisbee. Picnic areas, benches, and drinking fountains; open sunrise-11pm.",parks,Free,Free,all-ages,"441 Macalester St, St. Paul, MN 55105",44.9250,-93.1710,,,,,,https://www.stpaul.gov/facilities/mattocks-park,FALSE,,,"playground,tot-lot,tennis,pickleball,basketball,sports-fields,picnic","Minnesota Statewide (Twin Cities metro + Duluth, Rochester, St. Cloud, Mankato, Moorhead, Brainerd, Bemidji, Winona, Alexandria)",3.1
