title,description,category,price_type,price,age_range,address,latitude,longitude,image_url,image_source,date,time,phone,website,has_deal,deal_description,deal_expiry,tags
Animales Barbeque Co.,"Large 13,000 sq ft BBQ restaurant with dedicated kids play area featuring slide, mini food truck model, shapes to stack, soft flooring, jungle gym, magnet wall, kid-sized food truck with play grill. Live music venue. Excellent for families.",restaurants,paid,,all_ages,"241 Fremont Ave N, Minneapolis, MN 55405",44.9847,-93.2778,https://images.pexels.com/photos/2014938/pexels-photo-2014938.jpeg,curated,,,,https://www.animalesbbq.com,False,,,"family-dining,play-area,kids-menu,bbq"
Pinstripes Edina,"Bistro with bowling and bocce. Kids menu available. Lightweight bowling balls, ramps, and bumpers for kids. Kids and teen birthday party packages. Made-from-scratch Italian-American cuisine.",restaurants,paid,,all_ages,"3849 Gallagher Dr, Edina, MN 55435",44.8956,-93.3167,https://images.pexels.com/photos/5952901/pexels-photo-5952901.jpeg,curated_category,,,952-835-6440,https://www.pinstripes.com/edina,True,Kids Nights offering kids meal and game deal with purchase of adult meal,,"family-dining,arcade,bowling,kids-menu"
Can Can Wonderland,"35,000 sq ft arts-driven entertainment venue featuring artist-designed 18-hole mini golf, 125+ vintage pinball and arcade games, live performance stages. Voted best mini-golf in Minnesota.",restaurants,paid,,all_ages,"Saint Paul, MN",44.9547,-93.0903,https://popmenucloud.com/cdn-cgi/image/width%3D2880%2Cheight%3D2880%2Cfit%3Dscale-down%2Cformat%3Dauto%2Cquality%3D20/etpjoscd/f3196284-6d6c-4b8f-92eb-f3514cf6e332.jpg,curated,,,,https://www.cancanwonderland.com,False,,,"family-dining,arcade,mini-golf,play-area"
Lilli Putt,"Family Entertainment Center with 50+ years of operation. Mini golf courses, bumper boats, go-kart rides. Birthday party options. Open weather permitting.",restaurants,paid,,all_ages,"1349 Coon Rapids Blvd NW, Coon Rapids, MN 55433",45.1422,-93.2931,https://images.pexels.com/photos/7514005/pexels-photo-7514005.jpeg,curated,,"Sun 10-8, Mon-Thu 12-8, Fri 12-11, Sat 10-11",(763) 755-1450,https://www.lilliputt.net,False,,,"family-dining,mini-golf,arcade,bumper-boats"
Grand Ole Creamery,"Family-owned gourmet ice cream shop since 1984. Minnesota's first gourmet ice cream with over 300 homemade recipes. Famous for generous portions and creative flavors like strawberry cheesecake, rhubarb crumble, and Reese's Pieces.",restaurants,paid,,all_ages,"769 Grand Ave, Saint Paul, MN 55105",44.9447,-93.1642,https://images.pexels.com/photos/17429503/pexels-photo-17429503.jpeg,curated_category,,"Sun 11-9, Mon-Thu 12-9, Fri 12-10, Sat 11-10",(651) 293-1655,https://www.grandolecreamery.com,False,,,"family-dining,dessert,ice-cream"
Nelson's Ice Cream - Stillwater,Family-owned ice cream shop since 1923. Known for huge portions and 40+ homemade flavors. Summer tradition for many Minnesota families.,restaurants,paid,,all_ages,"920 Olive St W, Stillwater, MN 55082",44.9564,-92.7434,https://images.pexels.com/photos/17429503/pexels-photo-17429503.jpeg,curated_category,,,,https://www.nelsonsicecream.biz,False,,,"family-dining,dessert,ice-cream"
Honey & Mackie's,"Homemade creative ice cream flavors like gingersnap & honey, horchata, and lemon poppy blueberry. Popular Twin Cities dessert destination with instant following for unique flavor combinations.",restaurants,paid,,all_ages,"16725 County Rd 24, Ste 106, Plymouth, MN 55447",45.0281,-93.4667,https://images.pexels.com/photos/17429503/pexels-photo-17429503.jpeg,curated_category,,,(763) 225-6682,https://www.honeyandmackies.com,False,,,"family-dining,dessert,ice-cream"
Lake Monster Brewing,"Family-friendly brewery with dedicated kids' corner featuring miniature table, tiny chairs, and shelves of toys. Beer garden with food trucks.",restaurants,paid,,all_ages,"Saint Paul, MN",44.949749,-93.093103,https://images.pexels.com/photos/5990494/pexels-photo-5990494.jpeg,curated_category,,,,https://www.lakemonsterbrewing.com,False,,,"family-dining,brewery-patio,kids-area"
Broken Clock Brewing Cooperative,Northeast Minneapolis brewery with designated children's area marked by waist-high wall. Family-friendly atmosphere with games and activities for kids.,restaurants,paid,,all_ages,"Northeast Minneapolis, MN",45.015758,-93.251289,https://images.pexels.com/photos/5990494/pexels-photo-5990494.jpeg,curated_category,,,,https://www.brokenclockbrewing.com,False,,,"family-dining,brewery-patio,kids-area"
Forgotten Star Brewing,"Brewery with on-site food truck. Kids' activities include board games, coloring sheets. Food options: nachos, salad, tacos, sandwiches from food truck.",restaurants,paid,,all_ages,"Twin Cities, MN",44.986342,-93.179445,https://images.pexels.com/photos/37472499/pexels-photo-37472499.jpeg,curated_category,,,,https://www.forgottenstarbrewing.com,False,,,"family-dining,brewery-patio,food-truck,kids-area"
Utepils Brewing Beer Garden,"Family-friendly brewpub with rotating food truck schedule featuring La Cochinita, Bad Rooster, Northeast Pretzels. Beer garden atmosphere.",restaurants,paid,,all_ages,"Minneapolis, MN",44.9773,-93.265469,https://images.pexels.com/photos/37472499/pexels-photo-37472499.jpeg,curated_category,,,,https://www.utepilsbrewing.com,False,,,"family-dining,brewery-patio,food-truck"
Alloy Brewing - Coon Rapids,Brewery with food trucks most Thursday-Saturday nights. Family-friendly environment.,restaurants,paid,,all_ages,"Coon Rapids, MN",45.172892,-93.30239,https://images.squarespace-cdn.com/content/v1/55d53dcee4b099f9b43cf904/1628799428587-T93T1WNJ5QKO1S6H9T17/Taproom+Sign+Lance+Jill.jpg?format=1000w,curated,,Thu-Sat food trucks available,,https://www.alloybrewing.com,False,,,"family-dining,brewery-patio,food-truck"
Lakeville Brewing Co.,"Family-friendly brewpub with kids menu, outdoor space with lawn games and playset. Great for families wanting to enjoy beer garden atmosphere.",restaurants,paid,,all_ages,"Lakeville, MN",44.650051,-93.243279,https://live.staticflickr.com/725/22391678856_11e7edc9f5_b.jpg,curated_category,,,,https://www.lakevillebrewing.com,False,,,"family-dining,brewery-patio,kids-menu,play-area"
LTD Brewing - Hopkins,Brewery with house made root beer and root beer floats. Kids' games in taproom. Family-friendly atmosphere.,restaurants,paid,,all_ages,"Hopkins, MN",44.924399,-93.411449,https://images.pexels.com/photos/5990494/pexels-photo-5990494.jpeg,curated_category,2026-07-28,all hours,,https://www.ltdbrewing.com,False,,,"family-dining,brewery-patio,kids-menu"
A-Pine Restaurant,"Paul Bunyan themed family dining restaurant. Family-style meals for breakfast, lunch, and dinner. Great for kids to experience Minnesota legend atmosphere.",restaurants,paid,,all_ages,"Pequot Lakes, MN 56472",46.2167,-93.9167,https://images.pexels.com/photos/5990494/pexels-photo-5990494.jpeg,curated_category,,,,https://www.apinerestaurant.com,False,,,"family-dining,themed,kids-menu,outstate"
Grand Slam Sports Family Entertainment Center,"Burnsville family entertainment center with laser tag, trampoline, 18-hole pirate-themed indoor mini golf, bumper cars, batting cages, play zone, and arcade. One-stop entertainment.",restaurants,paid,,all_ages,"Burnsville, MN",44.767057,-93.277389,https://grandslammn.com/wp-content/uploads/2021/12/playZoneSlide_comp-1.jpg,curated,,,,https://www.grandslammn.com,False,,,"family-dining,arcade,mini-golf,laser-tag,play-area"
Golf Zone Chaska,18-hole indoor mini-golf course with North Woods theme. Family-friendly entertainment venue.,restaurants,paid,,all_ages,"Chaska, MN",44.789407,-93.602179,https://images.pexels.com/photos/5990494/pexels-photo-5990494.jpeg,curated_category,,,,https://www.golfzonechaska.com,False,,,"family-dining,mini-golf"
Big Stone Mini Golf,Mini golf course on a farm in Minnetrista surrounded by charming sculpture garden with friendly goats. Unique animal sculptures and shaded greenery.,restaurants,paid,,all_ages,"Minnetrista, MN",44.923562,-93.718681,https://images.pexels.com/photos/5990494/pexels-photo-5990494.jpeg,curated_category,,,,http://www.bigstoneminigolf.com,False,,,"family-dining,mini-golf"
Bubba Gump Shrimp Co. at Mall of America,Family-friendly seafood dining on third floor of Mall of America. Kid-friendly menu with shrimp and other options. Fun themed restaurant atmosphere.,restaurants,paid,,all_ages,"Bloomington, MN",44.83224,-93.320487,https://images.pexels.com/photos/5990494/pexels-photo-5990494.jpeg,curated_category,2026-07-28,all hours,,https://www.bubbagump.com,False,,,"family-dining,themed,kids-menu"
Rebe's Play Cafe,"Family play cafe with a dedicated indoor play area, coffee, and light bites designed for caregivers and young kids.",restaurants,varies,,0-8,"2054 St Clair Ave, St. Paul, MN",44.93386,-93.18342,https://158a62438e878f829d78.cdn6.editmysite.com/uploads/b/158a62438e878f829d783d2749d42ee8381fbf896312c3ad1f1a90ddbc54b70b/IMG_4037_1694204127.jpg,curated,,,651-440-9462,https://www.rebesplaycafe.com,False,,,"family-dining,play-cafe,play-area,coffee,toddlers,babies,preschool,kids,st-paul,twin-cities"
Sovereign Grounds,"Neighborhood coffeehouse with an enclosed outdoor play area, popular with families of young children.",restaurants,varies,,0-8,"813 E 48th St, Minneapolis, MN",44.9159451,-93.2621467,https://images.pexels.com/photos/9509422/pexels-photo-9509422.jpeg,curated,,,612-825-6157,https://www.yelp.com/biz/sovereign-grounds-minneapolis,False,,,"family-dining,play-cafe,play-area,coffee,minneapolis,twin-cities,babies,toddlers,preschool"
Ninth Street Soccer & Coffee,Soccer-themed coffee shop with a play space for kids and family-friendly seating.,restaurants,varies,,0-10,"801 SE 9th St, Minneapolis, MN 55414",44.989806,-93.242874,https://images.pexels.com/photos/37391217/pexels-photo-37391217.jpeg,curated,,,651-393-7857,https://www.ninthstreetmpls.com/,False,,,"family-dining,play-cafe,play-area,coffee,soccer,minneapolis,twin-cities,open-play"
Ginkgo Coffeehouse,Long-running community coffeehouse with a kids' play corner and welcoming space for families.,restaurants,varies,,0-8,"721 Snelling Ave N, St. Paul, MN 55104",40.6892,74.0445,https://images.pexels.com/photos/11715908/pexels-photo-11715908.jpeg,curated,,,651-645-2647,https://ginkgocoffee.com/,False,,,"family-dining,play-cafe,play-area,coffee,st-paul,twin-cities"
Ember and Bean,Family-friendly coffee shop in Oakdale with a play area for young children.,restaurants,varies,,0-8,"7600 2nd St N Ste B, Oakdale, MN 55128",44.9856,-92.9646,https://images.pexels.com/photos/30790990/pexels-photo-30790990.jpeg,curated_category,,,,https://emberandbeanroasting.com/pages/oakdale,False,,,"family-dining,play-cafe,play-area,coffee,oakdale,twin-cities"
Silverwood Park Cafe,Park cafe inside Three Rivers' Silverwood Park with family seating and access to trails and art programming.,restaurants,varies,,all,"2500 County Rd E W, St. Anthony, MN 55421",45.0283,-93.2187,https://images.pexels.com/photos/5373242/pexels-photo-5373242.jpeg,curated_category,,,,https://www.threeriversparks.org/location/silverwood-park,False,,,"family-dining,cafe,coffee,park,st-anthony,twin-cities"
Owl's Nest Cafe,Small-town cafe in Jordan with a kids' play area and family-friendly menu.,restaurants,varies,,0-10,"231 Broadway St S, Jordan, MN 55352",44.665923,-93.625953,https://images.pexels.com/photos/30790990/pexels-photo-30790990.jpeg,curated_category,,,,https://www.owlsnestcafe.com/,False,,,"family-dining,play-cafe,play-area,coffee,jordan,twin-cities"
Carma Coffee,Northeast Minneapolis coffee shop with a kids' play space and family seating.,restaurants,varies,,0-8,"520 Lowry Ave NE, Minneapolis, MN 55418",45.013061,-93.25939,https://images.pexels.com/photos/30790990/pexels-photo-30790990.jpeg,curated_category,,,,https://www.carmacoffeeshop.com,False,,,"family-dining,play-cafe,play-area,coffee,minneapolis,twin-cities"
Agra Culture at Mia,Cafe inside the Minneapolis Institute of Art offering healthy family fare alongside free museum galleries.,restaurants,varies,,all,"2400 3rd Ave S, Minneapolis, MN 55404",44.958595,-93.274153,https://images.pexels.com/photos/5373242/pexels-photo-5373242.jpeg,curated_category,,,,https://www.agra-culture.com,False,,,"family-dining,cafe,coffee,museum,minneapolis,twin-cities"
Littles and Lattes,Play cafe in Baxter with an indoor play area for young children and a coffee bar for caregivers.,restaurants,varies,,0-6,"15670 Edgewood Dr Ste 120, Baxter, MN 56425",46.3433,-94.2867,https://images.pexels.com/photos/30790990/pexels-photo-30790990.jpeg,curated_category,,,,https://www.facebook.com/p/Littles-Lattes-Play-Cafe-61571445016708/,False,,,"family-dining,play-cafe,play-area,coffee,toddlers,baxter,brainerd"
Nurture to Play,Play cafe in Sartell with a dedicated indoor play space and family-friendly cafe menu.,restaurants,varies,,0-6,"1001 Second St S Ste 200, Sartell, MN 56377",45.6216,-94.2069,https://images.pexels.com/photos/30790990/pexels-photo-30790990.jpeg,curated_category,,,,https://www.nurturetoplay.com/,False,,,"family-dining,play-cafe,play-area,coffee,toddlers,sartell,st-cloud"
Peak Cafe at Edinborough Park,"Cafe inside Edinborough Park's indoor park, steps from the play area and swimming pool.",restaurants,varies,,all,"7700 York Ave S, Edina, MN 55435",44.86412,-93.32145,https://images.pexels.com/photos/5373242/pexels-photo-5373242.jpeg,curated_category,,,,http://edinamn.jjcbigideas.com/index.php?section=edinborough-park&deptid=29,False,,,"family-dining,cafe,coffee,play-area,indoor-park,edina,twin-cities"
Mugshots Coffee,Bloomington coffee shop with a kids' play area and family-friendly seating.,restaurants,varies,,0-8,"10518 France Ave S, Bloomington, MN 55431",44.812945,-93.329652,https://images.pexels.com/photos/30790990/pexels-photo-30790990.jpeg,curated_category,,,,https://www.mugshotscoffeeco.com,False,,,"family-dining,play-cafe,play-area,coffee,bloomington,twin-cities"
Mocha Momma's,Downtown Minneapolis coffee spot on Nicollet Mall with family-friendly seating.,restaurants,varies,,all,"300 Nicollet Mall, Minneapolis, MN 55401",44.980167,-93.269957,https://images.pexels.com/photos/5373242/pexels-photo-5373242.jpeg,curated_category,,,,https://moplscoffee.com/shops/mochamomma'scoffee,False,,,"family-dining,cafe,coffee,minneapolis,twin-cities"
Angel Food Bakery,Hopkins bakery known for donuts and family-friendly treats.,restaurants,varies,,all,"701 Mainstreet, Hopkins, MN 55343",44.924488,-93.408988,https://images.pexels.com/photos/3985083/pexels-photo-3985083.jpeg,curated_category,,,,https://www.angelfoodmn.com/hopkins,False,,,"family-dining,bakery,coffee,treats,hopkins,twin-cities"
The Depot Coffee House,"Teen-run coffee house in a restored railroad depot in Hopkins, hosting teen nights and community events.",restaurants,varies,,13-18,"9451 Excelsior Blvd, Hopkins, MN 55343",44.923758,-93.399271,https://images.pexels.com/photos/5373242/pexels-photo-5373242.jpeg,curated_category,,,,https://www.hopkinsartscenter.com/315/Depot-Coffee-House,False,,,"family-dining,coffee,teens,teen-night,hopkins,twin-cities"
The Battleground Cafe,"White Bear Lake cafe with an arcade and games, popular with kids and teens.",restaurants,varies,,all,"2008 County Rd E E, White Bear Lake, MN 55110",45.0838,-93.0069,https://images.pexels.com/photos/5373242/pexels-photo-5373242.jpeg,curated_category,,,,https://www.thebattlegroundcafe.com,False,,,"family-dining,cafe,coffee,arcade,kids,teens,white-bear-lake,twin-cities"
Jersey's Bar & Grill,Kids eat free on Thursdays with purchase of adult meal,restaurants,paid_with_deal,,kids,"Inver Grove Heights, MN",44.847904,-93.042812,https://images.pexels.com/photos/33858065/pexels-photo-33858065.jpeg,curated,,,,https://www.jerseysbarandgrill.com,True,Thursday: Kids eat free with purchase of adult meal,,"kids-eat-free,thursday,bar-grill"
Crave,One free kid's meal with purchase of full-price adult entrée; additional kids meals 50% off,restaurants,paid_with_deal,,kids,"Twin Cities, MN",44.986342,-93.179445,https://www.minneapolis.org/imager/files_idss_com/C15/37476e76-09f7-4568-ad62-9c8521ea3db0/237437ce-6e77-4a09-9c44-67da76bad0f0_e45adf5f6bc0c5c2a30a39868f44eab6.jpg,curated,,,,https://www.cravemn.com,True,"Every Monday starting January 19, 2026: One free kids meal with adult entrée; additional kids 50% off",,"kids-eat-free,monday"
Pizza Ranch,Kids eat free buffet with purchase of adult buffet on Tuesday nights,restaurants,paid_with_deal,,kids,"Multiple locations, MN",,,https://images.pexels.com/photos/12557597/pexels-photo-12557597.jpeg,curated,,,,https://www.pizzaranch.com,True,Tuesday nights: Free kids buffet with each purchase of Adult Buffet at regular price,,"kids-eat-free,tuesday,buffet,pizza"
Green Mill,Kids meals free with paid adult entrée on Tuesday nights,restaurants,paid_with_deal,,kids,"Twin Cities, MN",44.986342,-93.179445,https://images.pexels.com/photos/6068717/pexels-photo-6068717.jpeg,curated,,,,https://www.greenmill.com,True,Tuesday nights: Kids meals free with paid adult entrée,,"kids-eat-free,tuesday,pizza"
Bennett's Chop & Railhouse,Kids 10 and under eat free on Sundays with purchase of adult entrée,restaurants,paid_with_deal,,kids_under_10,"St. Paul, MN",44.949749,-93.093103,https://images.pexels.com/photos/37118296/pexels-photo-37118296.jpeg,curated,,,,https://www.bennettschopandrailhouse.com,True,Sunday: Kids 10 and under eat free with purchase of adult entrée,,"kids-eat-free,sunday,steakhouse"
Gabe's Bar & Kitchen,Kids eat free during Sunday breakfast/brunch window,restaurants,paid_with_deal,,kids,"St. Paul, MN",44.949749,-93.093103,https://images.pexels.com/photos/5990494/pexels-photo-5990494.jpeg,curated_category,,10:00 AM - 2:00 PM,,https://www.gabesbarandkitchen.com,True,Sunday 10:00 AM - 2:00 PM: Kids eat free,,"kids-eat-free,sunday,brunch"
Mill Valley Kitchen,Up to 2 kids free per adult with any purchase on Sundays,restaurants,paid_with_deal,,kids,"St. Louis Park, MN",44.947573,-93.356902,https://images.pexels.com/photos/5990494/pexels-photo-5990494.jpeg,curated_category,,4:00 PM - 8:00 PM,,https://www.millvalleykitchen.com,True,Sunday 4:00 PM - 8:00 PM: Up to 2 kids free per adult,,"kids-eat-free,sunday"
The Melting Pot,Kids get complimentary $9.95 child entrée with purchase of adult 4-course dinner,restaurants,paid_with_deal,,kids,"Minneapolis, MN",44.9773,-93.265469,https://images.pexels.com/photos/37593659/pexels-photo-37593659.jpeg,curated,,,,https://www.meltingpot.com,True,Sunday: One complimentary $9.95 child entrée with each purchase of adult 4-course dinner,,"kids-eat-free,sunday,fondue"
Patrick's Bakery & Café,Kids eat free Tuesday evenings with any entrée purchase,restaurants,paid_with_deal,,kids,"Edina, MN",44.889703,-93.350122,https://images.pexels.com/photos/5990494/pexels-photo-5990494.jpeg,curated_category,,5:30 PM - close,,https://www.patricksbakery.com,True,Tuesday 5:30 PM to close: Kids eat free with any entrée purchase (kids meal equal or lesser value),,"kids-eat-free,tuesday"
McHugh's Public House,Kids eat free on Sundays with purchase of adult meal,restaurants,paid_with_deal,,kids,"Savage, MN",44.777904,-93.33562,https://mchughspublichouse.com/wp-content/uploads/2018/07/June2016_CP-27.jpg,curated,,,,https://www.mchughs.com,True,Sunday: Kids eat free with purchase of adult meal,,"kids-eat-free,sunday,irish-pub"
Space Aliens Grill & Bar,Kids 10 and under special pizza deal on Tuesdays,restaurants,paid_with_deal,,kids_under_10,"Albertville, MN",45.234709,-93.66422,https://images.pexels.com/photos/33858065/pexels-photo-33858065.jpeg,curated,,,,https://www.spacealiensmn.com,True,Tuesday: Kids 10 and under special pizza deal,,"kids-eat-free,tuesday,pizza"
Celts Craft House,One free kid's meal per adult entrée on Sundays,restaurants,paid_with_deal,,kids,"Apple Valley, MN",44.731909,-93.21772,https://popmenucloud.com/cdn-cgi/image/width%3D2880%2Cheight%3D2880%2Cfit%3Dscale-down%2Cformat%3Dauto%2Cquality%3D60/npvgbcjr/26d715ab-c6d0-40f8-b1e0-1bf6feb281b7.jpg,curated,,,,https://www.celtscraft.com,True,Sunday: One free kid's meal with purchase of adult entrée,,"kids-eat-free,sunday"
Hy-Vee $4 Meals & Kids Eat FREE,Kids 12 and under eat free with $4 hot meal purchase on Monday evenings,restaurants,paid_with_deal,$4,kids_under_12,"Multiple Twin Cities locations, MN",,,https://f0aa1588d63bbf876d65-3976be7afcfc464b522431ef7c594a9c.ssl.cf2.rackcdn.com/New%20Hope%20Store%20Front%202025.png,curated,,4:00 PM - 7:00 PM,,https://www.hy-vee.com,True,"Monday 4:00 PM - 7:00 PM: Kids 12 and under eat FREE with $4 hot meal purchase. In-store only through March 30, 2026",2026-03-30,"kids-eat-free,monday,grocery"
Skinner's Pub & Eatery,"Neighborhood pub with a recurring kids-eat-free deal: one free kids'-menu meal per paying adult, Sundays 5-9pm, dine-in only.",restaurants,deal,,0-12,"919 Randolph Ave, St. Paul, MN",44.9285,-93.1385,https://skinnersmn.com/wp-content/uploads/2019/06/Kids_6217.jpg,curated,,Sun 5-9pm,651-291-0146,https://skinnersmn.com/daily-specials/saturday-kids-eat-free-special/,True,"One free kids'-menu meal per paying adult, Sundays 5-9pm, dine-in only",,"kids-eat-free,recurring,family-dining,pub,sunday,st-paul,twin-cities"
Tailgate Sports Cafe,Sports bar with a recurring kids-eat-free deal on Saturdays.,restaurants,deal,,0-12,"6050 Nicollet Ave S, Minneapolis, MN 55419",44.8905,-93.2786,https://live.staticflickr.com/3460/3356280111_15444bde5e.jpg,curated,,Sat 11am-9pm,612-861-5600,https://www.tailgatesportscafe.com/specials,True,"Kids eat free, Saturdays 11am-9pm, one child per paying adult",,"kids-eat-free,recurring,family-dining,sports-bar,saturday,minneapolis,twin-cities"
Pizza Luce - Kids Eat Free (9 MN locations),"Kids eat free (age 12 & under) every Tuesday and Wednesday - one free kids' meal per adult who buys a $12+ food item. This is one chain-wide deal honored at all 9 Minnesota Pizza Luce locations: Downtown Minneapolis (119 N 4th St, Minneapolis, MN 55401, 612-333-7359); Uptown Minneapolis (3200 Lyndale Ave S, Minneapolis, MN 55408, 612-827-5978); Seward, Minneapolis (2200 E Franklin Ave, Minneapolis, MN 55404, 612-332-2535); St. Paul (1183 Selby Ave, St. Paul, MN 55104, 651-288-0186); Richfield (800 W 66th St, Richfield, MN 55423, 612-767-8603); Roseville (2851 Snelling Ave N, Roseville, MN 55113, 651-789-6909); Hopkins (210 N Blake Rd, Hopkins, MN 55343, 952-767-0854); Eden Prairie (11347 Viking Dr, Eden Prairie, MN 55344, 952-999-4244); Duluth (11 E Superior St, Duluth, MN 55802, 218-727-7400). Confirm participation and terms per location.",restaurants,deal,,0-12,Twin Cities metro & Duluth - 9 locations (see description),,,https://images.pexels.com/photos/12557597/pexels-photo-12557597.jpeg,curated,,Tue & Wed,,https://pizzaluce.com/,True,"Kids eat free (age 12 & under), Tuesdays & Wednesdays - one free kids' meal per adult $12+ food purchase",,"kids-eat-free,recurring,family-dining,pizza,tuesday,wednesday,minneapolis,st-paul,richfield,roseville,hopkins,eden-prairie,duluth,twin-cities"
Topgolf Brooklyn Center,"Premier entertainment destination with 100+ golf bays, arcade games, rooftop terrace with fire pits, full-service restaurant and bar, plus lawn games like shuffleboard and cornhole. Perfect for families with kids of all ages.",restaurants,varies,varies,all-ages,"6420 N Camden Ave, Brooklyn Center, MN 55430",45.053,-93.304,https://s3-media0.fl.yelpcdn.com/bphoto/EF04X2g3iFV0HfZcHF-C2Q/1000s.jpg,curated,,"Mon-Thu 9AM-12AM, Fri-Sat 9AM-1AM, Sun 9AM-12AM",(763) 201-9636,https://topgolf.com/us/minneapolis/,False,,,"brooklyn-center,entertainment,golf-games,arcade,family-dining,kids-menu,rooftop-patio"
Bowlero Brooklyn Park (Lucky Strike),"Family entertainment complex with 48 bowling lanes, action-packed arcade, laser tag arena, billiards, and full food menu. Designed specifically for family fun with kids of all ages.",restaurants,varies,varies,all-ages,"7545 Brooklyn Blvd, Brooklyn Park, MN 55445",45.039,-93.358,https://images.ctfassets.net/6gvyj3hhelpa/1SvxLjzMyPgZosMgHCB6Gt/1511169756186aaaa86f93f31175b4cc/6-bowlero-general-hero-center-2.jpg?w=1440&q=75&fm=webp,curated,,,,https://www.bowlero.com/location/bowlero-brooklyn-park,False,,,"brooklyn-park,bowling,arcade,laser-tag,family-dining,kids-activities,entertainment-center"
Bowlocity Entertainment Center Rochester,"34,000 square foot facility with 24 bowling lanes, multi-level laser tag arena, 45-game redemption arcade, and sports bar with pizzas, sandwiches, and burgers. Full family entertainment destination.",restaurants,varies,varies,all-ages,"2810 N Broadway, Rochester, MN 55906",44.050,-92.458,https://images.pexels.com/photos/5952901/pexels-photo-5952901.jpeg,curated_category,,,,https://www.bowlocity.com,False,,,"rochester,bowling,arcade,laser-tag,family-dining,kids-activities,entertainment-center,greater-mn"
The Burrow Oakdale,"Entertainment complex with axe-throwing, go-karts, mini golf, sports simulators, laser tag, ropes course, pickleball, and arcade games. Wood Stone Pizza, farm-fresh burgers, street tacos, and house-smoked meats. Large space with private karaoke rooms.",restaurants,varies,varies,all-ages,"7053 10th St N, Oakdale, MN 55128",44.958,-93.104,https://images.squarespace-cdn.com/content/v1/625dc310a5f56823b78f4a6c/2f840778-1a5e-4230-a955-7ae2628c46a9/img7258*1200xx3648-3648-912-0.jpg,curated,,,,https://theburrowmn.com,False,,,"oakdale,entertainment-complex,arcade,mini-golf,laser-tag,family-dining,kids-activities,axe-throwing"
The Burrow Victoria,"All-ages rec room with axe-throwing, 9-hole indoor mini golf course, classic arcade games, and interactive activities. Modern facility combines dining with entertainment for families and groups. Pizzas, burgers, tacos, and house-smoked meats.",restaurants,varies,varies,all-ages,"7999 Victoria Dr, Victoria, MN 55386",44.873,-93.358,https://images.squarespace-cdn.com/content/v1/625dc310a5f56823b78f4a6c/2f840778-1a5e-4230-a955-7ae2628c46a9/img7258*1200xx3648-3648-912-0.jpg,curated,,,(952) 206-5050,https://theburrowmn.com,False,,,"victoria,entertainment-complex,arcade,mini-golf,family-dining,kids-activities,axe-throwing"
Dual Citizen Brewery St. Paul,Family-friendly brewery with dedicated kids play space on taproom and patio. Brewery offers craft beer selection with relaxed atmosphere welcoming families. Spacious play areas for kids of all ages to enjoy.,restaurants,varies,varies,all-ages,"St. Paul, MN",44.949749,-93.093103,https://images.pexels.com/photos/19691954/pexels-photo-19691954.jpeg,curated_category,,Sunday 12PM-2PM (Kids play focus); Special days extended,,https://www.dualcitizenbrewing.com,False,,,"st-paul,brewery,patio,kids-area,family-dining,outdoor-seating"
Day Block Brewing Company,"Brewpub welcoming families with kid-friendly drink options including craft sodas and in-house lemonade. Activity books and game tables on site. Dog-friendly patio, specialty pizzas and house-brewed beer selections.",restaurants,varies,varies,all-ages,"Minneapolis, MN",44.9773,-93.265469,https://images.pexels.com/photos/19691954/pexels-photo-19691954.jpeg,curated_category,,,,https://www.dayblockbrewing.com,False,,,"minneapolis,brewery,patio,family-dining,kids-menu,games"
56 Brewing Minneapolis,Kid and dog-friendly microbrewery welcoming tiny humans in taproom and patio spaces. Microbrewery atmosphere with leashed dogs allowed in both indoor and outdoor areas.,restaurants,varies,varies,all-ages,"Minneapolis, MN",44.9773,-93.265469,https://images.pexels.com/photos/19691954/pexels-photo-19691954.jpeg,curated_category,,,,https://www.56brewing.com,False,,,"minneapolis,brewery,patio,family-dining,kids-friendly"
Indeed Brewing Co. Minneapolis,"Microbrewery with family-friendly environment welcoming children during day hours. Activity books, games, and kid-friendly atmosphere. Rooftop patio with leashed dog access. Transitions to 21+ after 8pm.",restaurants,varies,varies,"all-ages,under-8pm","Minneapolis, MN",44.9773,-93.265469,https://images.pexels.com/photos/19691954/pexels-photo-19691954.jpeg,curated_category,,Before 8:00 PM for families,,https://www.indeedbrewing.com,False,,,"minneapolis,brewery,patio,family-dining,kids-friendly,limited-hours"
Puttshack Mini Golf Edina/Minneapolis,"Modern mini golf with glowing courses, upbeat music, and automatic scoring. Each hole features interactive surprises with moving obstacles and digital bonus points. Year-round indoor fun.",restaurants,varies,varies,all-ages,"Edina/Minneapolis, MN",44.856491,-93.332136,https://images.pexels.com/photos/7514005/pexels-photo-7514005.jpeg,curated,,,,https://www.puttshack.com,False,,,"edina-minneapolis,mini-golf,interactive-games,family-entertainment,kids-activities"
Nowhere Entertainment Inver Grove Heights,Whimsical indoor mini golf experience with themed course suitable for all ages. Includes arcade games and food service. Family-friendly entertainment complex.,restaurants,varies,varies,all-ages,"Inver Grove Heights, MN",44.847904,-93.042812,https://images.pexels.com/photos/5990494/pexels-photo-5990494.jpeg,curated_category,,,,https://www.nowhereentertainmentcenter.com,False,,,"inver-grove-heights,mini-golf,arcade,family-entertainment,kids-activities"
Minnesota Children's Museum St. Paul,"Museum with 11 unique kid-powered play spaces for hands-on learning and family fun. Outside food and picnics welcome, plus on-site dining available. Tuesday-Thursday 9am-5pm, Friday 9am-8pm, Saturday 9am-6pm, Sunday 9am-5pm.",restaurants,admission,varies,all-ages,"St. Paul, MN",44.949749,-93.093103,https://mcm.org/wp-content/uploads/2023/02/our-world-blog-1-illo.png,curated,,"Tue-Thu 9AM-5PM, Fri 9AM-8PM, Sat 9AM-6PM, Sun 9AM-5PM",,https://mcm.org,False,,,"st-paul,museum,kids-activities,indoor-play,educational,family-destination"
Community Grounds,"Columbia Heights cafe with a kids play area; limited hours (Wed-Sat mornings). Coffee, pastries, and a toddler/preschool play space.",restaurants,varies,,0-6,"560 40th Ave NE, Columbia Heights, MN 55421",45.0409,-93.257437,https://images.pexels.com/photos/30790990/pexels-photo-30790990.jpeg,curated_category,,Wed-Sat mornings,,https://www.communitygroundsmn.com/,False,,,"family-dining,play-cafe,play-area,coffee,babies,toddlers,preschool"
Hazel's Northeast,"Popular Northeast neighborhood restaurant known for all-day breakfast/brunch and comfort food — roomy, casual, kid-welcoming with a kids' menu.",restaurants,varies,,family,"2859 Johnson St NE, Minneapolis, MN 55418",45.01968,-93.237,https://images.pexels.com/photos/5990494/pexels-photo-5990494.jpeg,curated_category,,,,https://www.hazelsnortheast.com/,False,,,"family-dining,breakfast,brunch,comfort-food,kids-menu,kids,family,minneapolis,twin-cities"
Snuffy's Malt Shop — Bloomington,"Classic old-fashioned malt shop (since 1955) — hand-dipped malts & shakes, burgers, hot dogs, fries; a multi-generational kid favorite.",restaurants,varies,,family,"1200 W 98th St, Bloomington, MN 55431",44.826242,-93.299162,https://images.pexels.com/photos/33694865/pexels-photo-33694865.jpeg,curated,,,952-888-1018,https://www.snuffysmaltshops.com/,False,,,"family-dining,malts,burgers,diner,dessert,kids-menu,kids,family,twin-cities,bloomington"
Snuffy's Malt Shop — Edina,"Classic old-fashioned malt shop (since 1955) — hand-dipped malts & shakes, burgers, hot dogs, fries; a multi-generational kid favorite.",restaurants,varies,,family,"4502 Valley View Rd, Edina, MN 55424",44.892353,-93.339703,https://images.pexels.com/photos/33694865/pexels-photo-33694865.jpeg,curated,,,952-920-0949,https://www.snuffysmaltshops.com/,False,,,"family-dining,malts,burgers,diner,dessert,kids-menu,kids,family,twin-cities,edina"
Snuffy's Malt Shop — Minnetonka,"Classic old-fashioned malt shop (since 1955) — hand-dipped malts & shakes, burgers, hot dogs, fries; a multi-generational kid favorite.",restaurants,varies,,family,"17519 Minnetonka Blvd, Minnetonka, MN 55345",44.941929,-93.501217,https://images.pexels.com/photos/33694865/pexels-photo-33694865.jpeg,curated,,,952-475-1850,https://www.snuffysmaltshops.com/,False,,,"family-dining,malts,burgers,diner,dessert,kids-menu,kids,family,twin-cities,minnetonka"
The Original Malt Shop,"Longtime old-fashioned malt shop (the former Snuffy's Roseville location, now independently owned) — hand-dipped malts & shakes, burgers, fries.",restaurants,varies,,family,"1125 Larpenteur Ave W, Roseville, MN 55113",44.992602,-93.147533,https://images.pexels.com/photos/33694865/pexels-photo-33694865.jpeg,curated,,,,https://originalmaltshop.com/,False,,,"family-dining,malts,burgers,diner,dessert,kids-menu,kids,family,roseville,twin-cities"
Southern Social,"Southern-comfort-food restaurant with a kids' menu. One-time deal: kids eat free 4pm–close on Sat Aug 2, 2026 (one free kids' meal per adult entrée purchase).",restaurants,varies,,family,"1940 Rahncliff Ct, Eagan, MN 55122",44.8182,-93.1659,https://images.pexels.com/photos/5990494/pexels-photo-5990494.jpeg,curated_category,,,,https://southernsocialmn.com/,False,,,"family-dining,southern,comfort-food,kids-menu,kids-eat-free,kids,family,eagan,twin-cities"
Broders' Pasta Bar,"Family-friendly spot with a recurring kids-eat-free deal. One free kids'-menu meal (age 8 & under) per adult meal, Mondays, dine-in only",restaurants,varies,,family,"5000 Penn Ave S, Minneapolis, MN 55419",44.912121,-93.309142,https://images.pexels.com/photos/5990494/pexels-photo-5990494.jpeg,curated_category,,,,https://www.broderspastabar.com/,True,"One free kids'-menu meal (age 8 & under) per adult meal, Mondays, dine-in only",,"family-dining,italian,pasta,kids-menu,kids-eat-free,recurring,monday,minneapolis,twin-cities"
The Block Food + Drink — St. Louis Park,Family-friendly spot with a recurring kids-eat-free deal. Kids eat free Tuesday nights — one free kids' meal (confirm terms),restaurants,varies,,family,"7007 Walker St, Saint Louis Park, MN 55426",44.938698,-93.365748,https://images.pexels.com/photos/5990494/pexels-photo-5990494.jpeg,curated_category,,,,https://theblockmn.com/,True,Kids eat free Tuesday nights — one free kids' meal (confirm terms),,"family-dining,dog-friendly,patio,kids-menu,kids-eat-free,recurring,tuesday,st-louis-park,twin-cities"
The Block Food + Drink — Rogers,Family-friendly spot with a recurring kids-eat-free deal. Kids eat free Tuesday nights — one free kids' meal (confirm terms),restaurants,varies,,family,"21400 John Milless Dr, Rogers, MN 55374",45.193188,-93.55118,https://images.pexels.com/photos/5990494/pexels-photo-5990494.jpeg,curated_category,,,763-703-3369,https://theblockmn.com/,True,Kids eat free Tuesday nights — one free kids' meal (confirm terms),,"family-dining,dog-friendly,patio,kids-menu,kids-eat-free,recurring,tuesday,rogers,twin-cities"
Tamarack Tap Room,"Family-friendly spot with a recurring kids-eat-free deal. One free kids' meal per adult entrée purchase, every Monday",restaurants,varies,,family,"8418 Tamarack Village, Woodbury, MN 55125",44.940841,-92.937276,https://images.pexels.com/photos/5990494/pexels-photo-5990494.jpeg,curated_category,,,,https://tamaracktaproom.com/,True,"One free kids' meal per adult entrée purchase, every Monday",,"family-dining,taproom,kids-menu,kids-eat-free,recurring,monday,woodbury,twin-cities"
Sunshine Factory Bar & Grill,"Family-friendly spot with a recurring kids-eat-free deal. Kids eat free Sundays after 4pm — one free kids' meal per adult regular-priced entrée, groups under 15",restaurants,varies,,family,"4100 Vinewood Ln N, Plymouth, MN 55442",45.030136,-93.449237,https://images.pexels.com/photos/33858065/pexels-photo-33858065.jpeg,curated,,,,https://esunshinefactory.com/,True,"Kids eat free Sundays after 4pm — one free kids' meal per adult regular-priced entrée, groups under 15",,"family-dining,bar-grill,kids-menu,kids-eat-free,recurring,sunday,plymouth,twin-cities"
Milkjam Creamery,"Small-batch ice cream with unique flavor combinations like Cereal Killers and Ridin' Duuurty, plus dairy-free and vegan options",restaurants,paid,,all ages,"2743 Lyndale Ave S, Minneapolis, MN",44.952547,-93.28781,https://images.pexels.com/photos/17429503/pexels-photo-17429503.jpeg,curated_category,2026-07-28,all hours,,https://milkjamcreamery.com/,False,,,"ice-cream,family-dining,dessert,vegan,Twin Cities"
Sebastian Joe's,Minneapolis institution since 1984 with rotating unique flavors highlighting Minnesota places and people; signature flavors include salty caramel,restaurants,paid,,all ages,Twin Cities,44.986342,-93.179445,https://images.pexels.com/photos/17429503/pexels-photo-17429503.jpeg,curated_category,2026-07-28,all hours,,https://sebastianjoesicecream.com/locations/,False,,,"ice-cream,family-dining,dessert,Twin Cities"
Sonny's Ice Cream Cafe,"Beloved neighborhood ice cream shop serving ice cream, gelato, and sorbet since 1945",restaurants,paid,,all ages,"Minneapolis, MN",44.9773,-93.265469,https://images.pexels.com/photos/17429503/pexels-photo-17429503.jpeg,curated_category,2026-07-28,all hours,,https://sonnysicecream.com/visit-2/,False,,,"ice-cream,family-dining,dessert,gelato,Twin Cities"
Headflyer,"Family-friendly brewery with dedicated kids area featuring Lincoln Logs, LEGOs, coloring books. OG ZaZa Pizza serves handcrafted pizzas with Monday/Tuesday pizza combos",restaurants,paid,,all ages,Twin Cities,44.986342,-93.179445,https://live.staticflickr.com/725/22391678856_11e7edc9f5_b.jpg,curated_category,2026-07-28,all hours,,https://www.headflyerbrewing.com/,False,,,"brewery-patio,family-dining,play-area,pizza,Twin Cities"
3rd Act Brewery,"Family-friendly brewery with board games, outdoor yard games on AstroTurf lawn, fenced-in play area for kids",restaurants,paid,,all ages,Twin Cities,44.986342,-93.179445,https://live.staticflickr.com/725/22391678856_11e7edc9f5_b.jpg,curated_category,2026-07-28,all hours,,https://3rdactbrew.com/,False,,,"brewery-patio,family-dining,play-area,games,Twin Cities"
Indeed Brewing Company,"Warm and inviting taproom with diverse beer selection, board games, and activities for kids",restaurants,paid,,all ages,Twin Cities,44.986342,-93.179445,https://images.pexels.com/photos/5990494/pexels-photo-5990494.jpeg,curated_category,2026-07-28,all hours,,https://indeedbrewing.com/,False,,,"brewery-patio,family-dining,games,Twin Cities"
Blainbrook Entertainment Center,"Family-friendly entertainment with massive arcade (40+ pinball machines), bowling lanes, pool tables, VR games, and restaurant with kids menu",restaurants,paid,,all ages,"Blaine, MN",45.160799,-93.234949,https://images.pexels.com/photos/5952901/pexels-photo-5952901.jpeg,curated_category,2026-07-28,all hours,,https://www.blainbrookbowl.com/,False,,,"arcade,bowling,family-dining,kids-menu,Blaine"
2 Scoops Ice Cream,Family-owned and operated ice cream shop with homemade waffle cones and 18+ ice cream flavors,restaurants,paid,,all ages,Twin Cities,44.986342,-93.179445,https://images.pexels.com/photos/17429503/pexels-photo-17429503.jpeg,curated_category,2026-07-28,all hours,,https://2scoopseatery.com/,False,,,"ice-cream,family-dining,dessert,Twin Cities"
Pumphouse Creamery,"Small-batch, from-scratch neighborhood creamery using local/organic ingredients; a longtime family favorite for ice cream.",restaurants,Varies,,family,"4754 Chicago Ave S, Minneapolis, MN 55407",44.932489,-93.262496,https://images.pexels.com/photos/17429503/pexels-photo-17429503.jpeg,curated_category,,,,https://www.pumphouse-creamery.com/,False,,,"family-dining,ice-cream,dessert,kids,family,minneapolis,twin-cities"
Adele's Frozen Custard,"Iconic western-suburb frozen custard stand (Lake Minnetonka area) - a classic summer family stop; seasonal, confirm hours each run.",restaurants,Varies,,family,"800 Excelsior Blvd, Excelsior, MN 55331",44.902681,-93.56059,https://images.pexels.com/photos/17429503/pexels-photo-17429503.jpeg,curated_category,,,,https://www.adelescustard.com/,False,,,"family-dining,ice-cream,frozen-custard,dessert,kids,family,excelsior,twin-cities"
Cafe Latte,"Longtime Grand Avenue cafeteria-style cafe - easy with kids (walk the line, point at what you want, no waiting) and famous for its turtle cake and dessert case.",restaurants,Varies,,family,"850 Grand Ave, St. Paul, MN 55105",44.939739,-93.136042,https://images.pexels.com/photos/3985083/pexels-photo-3985083.jpeg,curated_category,,,,https://www.agrandexperience.com/cafe-latte/,False,,,"family-dining,cafe,dessert,bakery,kids,family,st-paul,twin-cities"
Convention Grill,"Retro 1930s-style diner with hand-dipped malts, shakes, and burgers/fries - a classic multi-generational kid favorite.",restaurants,Varies,,family,"3912 Sunnyside Rd, Edina, MN 55424",44.921845,-93.329647,https://images.pexels.com/photos/33858065/pexels-photo-33858065.jpeg,curated,,,,https://www.conventiongrillmn.com/location,False,,,"family-dining,diner,burgers,malts,dessert,kids,family,edina,twin-cities"
Parkway Pizza - Longfellow,"Neighborhood pizza shop; casual, kid-friendly, with a family menu.",restaurants,Varies,,family,"4359 Minnehaha Ave, Minneapolis, MN 55406",44.924136,-93.217086,https://images.squarespace-cdn.com/content/v1/582a7e11579fb307c6f3be25/1598211317706-VWKSYI1EOFBGNUH5U1PG/NE+Front.jpeg,curated,,,612-729-9090,https://www.parkwaypizzamn.com/,False,,,"family-dining,pizza,kids,family,twin-cities,minneapolis"
Parkway Pizza - Northeast Minneapolis,"Neighborhood pizza shop; casual, kid-friendly, with a family menu.",restaurants,Varies,,family,"2851 Johnson St NE, Minneapolis, MN 55418",45.019553,-93.237,https://images.squarespace-cdn.com/content/v1/582a7e11579fb307c6f3be25/1598211317706-VWKSYI1EOFBGNUH5U1PG/NE+Front.jpeg,curated,,,612-788-1442,https://www.parkwaypizzamn.com/,False,,,"family-dining,pizza,kids,family,twin-cities,minneapolis"
Parkway Pizza - St. Louis Park,"Neighborhood pizza shop; casual, kid-friendly, with a family menu.",restaurants,Varies,,family,"6325 Minnetonka Blvd, St. Louis Park, MN 55416",44.949511,-93.359772,https://images.squarespace-cdn.com/content/v1/582a7e11579fb307c6f3be25/1598211317706-VWKSYI1EOFBGNUH5U1PG/NE+Front.jpeg,curated,,,952-929-0095,https://www.parkwaypizzamn.com/,False,,,"family-dining,pizza,kids,family,twin-cities,st-louis-park"
Parkway Pizza - Roseville,"Neighborhood pizza shop; casual, kid-friendly, with a family menu.",restaurants,Varies,,family,"1909 Lexington Ave N, St. Paul, MN 55113",44.913344,-93.146913,https://images.squarespace-cdn.com/content/v1/582a7e11579fb307c6f3be25/1598211317706-VWKSYI1EOFBGNUH5U1PG/NE+Front.jpeg,curated,,,651-493-4360,https://www.parkwaypizzamn.com/,False,,,"family-dining,pizza,kids,family,twin-cities,roseville"
Red Cow - Uptown Minneapolis,"Handcrafted-burger spot with a kids' menu (slider-size burgers, corn dogs, fries + snickerdoodle) - popular for family brunch/dinner.",restaurants,Varies,,family,"2626 Hennepin Ave, Minneapolis, MN 55408",44.954673,-93.297294,https://redcowmn.com/wp-content/uploads/2018/05/redcow.png,curated,,,,https://redcowmn.com/,False,,,"family-dining,burgers,kids,family,twin-cities,minneapolis"
Red Cow - 50th & France,"Handcrafted-burger spot with a kids' menu (slider-size burgers, corn dogs, fries + snickerdoodle) - popular for family brunch/dinner.",restaurants,Varies,,family,"3624 W 50th St, Minneapolis, MN 55410",44.912733,-93.326146,https://redcowmn.com/wp-content/uploads/2018/05/redcow.png,curated,,,,https://redcowmn.com/,False,,,"family-dining,burgers,kids,family,twin-cities,minneapolis"
Red Cow - St. Paul,"Handcrafted-burger spot with a kids' menu (slider-size burgers, corn dogs, fries + snickerdoodle) - popular for family brunch/dinner.",restaurants,Varies,,family,"393 Selby Ave, St. Paul, MN 55102",44.946635,-93.115414,https://redcowmn.com/wp-content/uploads/2018/05/redcow.png,curated,,,,https://redcowmn.com/,False,,,"family-dining,burgers,kids,family,twin-cities,st-paul"
Chuck E. Cheese — Maple Grove,"Kid-focused pizza restaurant with an arcade, ticket games, trampolines and a play area — a classic family birthday and rainy-day spot.",restaurants,paid,,All ages,"12945 Elm Creek Blvd N, Maple Grove, MN 55369",45.095737,-93.44592,https://s3-media0.fl.yelpcdn.com/bphoto/ECHK7qODGAtfZSrswZDMZA/348s.jpg,curated,,,,chuckecheese.com,False,,,"family-dining,play-area,arcade,west-metro"
Dave & Buster's — Maple Grove,Large arcade-and-dining destination at the Shoppes at Arbor Lakes; full menu plus a huge video game floor for older kids and teens.,restaurants,paid,,All ages,"Maple Grove, MN 55369",45.098498,-93.441922,https://www.daveandbusters.com/content/dam/dnb/sa/international-home-page/Int_Play_New.jpg,curated,,,,daveandbusters.com,False,,,"family-dining,arcade,west-metro"
Slick City Action Park — Woodbury,"Indoor action park with slides, a dedicated playground for kids under 5, and an arcade, plus a café — a big family-entertainment draw in the east metro.",restaurants,paid,,All ages,"Woodbury, MN 55125",44.919896,-92.933945,https://images.pexels.com/photos/5790179/pexels-photo-5790179.jpeg,curated,,,,slickcity.com,False,,,"family-dining,play-area,arcade,east-metro"
Grand Slam Family Fun Center — Coon Rapids,"Sprawling indoor family fun center: laser tag, mini golf, an indoor play zone, batting cages, bumper cars, arcade and a ninja course, with food on site.",restaurants,paid,,All ages,"2941 Coon Rapids Blvd NW, Coon Rapids, MN 55433",45.174094,-93.344476,https://grandslammn.com/wp-content/uploads/2021/12/playZoneSlide_comp-1.jpg,curated,,,,grandslammn.com,False,,,"family-dining,play-area,arcade,putt,north-metro"
The Fun Lab — Blaine,"Blaine's family entertainment center with laser tag, arcade games and more — no admission or parking fees, popular with north-metro families.",restaurants,paid,,All ages,"Blaine, MN 55449",45.160799,-93.234949,https://static.wixstatic.com/media/97457a_bb87126f184a4eab9d436df9dedfd338~mv2.jpg,curated,,,,thefunlabcenter.com,False,,,"family-dining,arcade,north-metro"
Urban Air Trampoline & Adventure Park — Coon Rapids,"Indoor adventure park with trampolines, climbing, obstacle courses and a café — something for every age.",restaurants,paid,,All ages,"Coon Rapids, MN 55433",45.172892,-93.30239,https://images.pexels.com/photos/8142258/pexels-photo-8142258.jpeg,curated,,,,urbanair.com,False,,,"family-dining,play-area,north-metro"
Rainforest Cafe — Mall of America (Bloomington),"Immersive jungle-themed restaurant at Mall of America with animatronic animals, thunderstorms and a big family menu — a destination dining experience for kids.",restaurants,paid,,All ages,"Mall of America, 306 South Ave, Bloomington, MN 55425",44.8536,-93.2405,https://images.getbento.com/accounts/3db889a3fca226b46ccb3927ec65f27d/media/images/1872_DSC9417.jpg,curated,,,,rainforestcafe.com,False,,,"family-dining,play-area,south-metro"
Fox Den Board Game Cafe — Eagan,"Family-friendly board game café with a huge library of games to play while you eat — great for older kids, teens and family game nights.",restaurants,paid,,All ages,"Eagan, MN 55122",44.818173,-93.165918,https://live.staticflickr.com/725/22391678856_11e7edc9f5_b.jpg,curated_category,,,,foxdencafe.com,False,,,"family-dining,play-area,south-metro"
Chuck E. Cheese — Woodbury,"Family pizza spot with trampolines, a superhero playground, 50+ arcade games and fresh pizza — a popular east-metro birthday and rainy-day destination.",restaurants,paid,,All ages,"Woodbury, MN (Tamarack area)",44.919896,-92.933945,https://s3-media0.fl.yelpcdn.com/bphoto/ECHK7qODGAtfZSrswZDMZA/348s.jpg,curated,,,,chuckecheese.com,False,,,"family-dining,play-area,arcade,east-metro"
Original Pancake House - Edina,"Family-friendly breakfast and brunch restaurant specializing in pancakes, omelets, sandwiches, and burgers with nostalgic atmosphere.",restaurants,Varies,,All ages,"3501 West 70th Street, Edina, MN 55435",44.875803,-93.325677,https://images.pexels.com/photos/6529790/pexels-photo-6529790.jpeg,curated,,,,https://www.toasttab.com/local/order/oph-edina,False,,,"breakfast, pancakes, family friendly, casual"
Kona Grill - Eden Prairie,"Full-service restaurant with kids menu, sushi, steak, and happy hour specials. Family-friendly.",restaurants,Paid,,All ages,"11997 Singletree Lane, Eden Prairie, MN 55344",44.856818,-93.429477,https://images.pexels.com/photos/33858065/pexels-photo-33858065.jpeg,curated,,,,https://konagrill.com/location/eden-prairie-mn/,False,,,"family friendly, kids menu, casual dining"
Red Cow Wayzata,Casual New American burger restaurant with dedicated kids menu. Family-friendly atmosphere. Multiple burger and entree options.,restaurants,Paid,$$,All ages,"881 Lake St N, Wayzata, MN 55391",44.96854,-93.506219,https://redcowmn.com/wp-content/uploads/2018/05/redcow.png,curated,,,,https://red-cow-wayzata.com/,False,,,"burgers, kids menu, casual, family friendly, lakeside"
Toastique Wayzata,"Health-focused breakfast and brunch spot featuring gourmet toast, smoothies, smoothie bowls, juices, and coffee. Family-friendly location near Wayzata waterfront.",restaurants,Paid,$,All ages,"320 Engel Street, Wayzata, MN 55391",44.969016,-93.505332,https://images.pexels.com/photos/5990494/pexels-photo-5990494.jpeg,curated_category,,7:00 AM - 5:00 PM,,https://toastique.com/pages/wayzata,False,,,"breakfast, brunch, smoothies, healthy, kids friendly"
Birch's on the Lake Brewhouse & Supperclub,Classic Wisconsin-style supperclub with brewpub overlooking Long Lake with large outdoor patio. Kids welcome; families can dine without reservations.,restaurants,Paid,$$,All ages,"1310 Wayzata Blvd, Long Lake, MN 55356",44.985389,-93.556202,https://images.pexels.com/photos/5990494/pexels-photo-5990494.jpeg,curated_category,,,,https://birchsonthelake.com/,False,,,"supperclub, brewpub, lakeside, family friendly"
Chick-fil-A Eagan,Fast casual restaurant with kid-friendly meals and playground.,restaurants,Paid,kids meals $5-8,All ages,"3420 Promenade Ave, Eagan, MN 55123",44.832953,-93.153015,https://images.pexels.com/photos/5990494/pexels-photo-5990494.jpeg,curated_category,,,,https://www.chick-fil-a.com/,False,,,"fast casual, chicken, kid friendly"
Red Robin Apple Valley,"Kid-friendly casual dining with burgers, fries, and kid-focused menu options.",restaurants,Paid,kids meals $5-7,All ages,"15250 Cedar Ave, Apple Valley, MN 55124",44.728815,-93.217629,https://images.pexels.com/photos/5990494/pexels-photo-5990494.jpeg,curated_category,,,,https://www.redrobin.com/,False,,,"burgers, casual, kid friendly"
Midtown Global Market,"Indoor international market with dozens of family-owned stalls (Mexican, East African, Middle Eastern, Asian) and central family seating — a low-pressure way for kids to sample global food.",restaurants,varies,,family,"920 E Lake St, Minneapolis, MN 55407",44.94876,-93.26075,https://images.pexels.com/photos/5990494/pexels-photo-5990494.jpeg,curated_category,,,,https://midtownglobalmarket.org,False,,,"family-dining,food-hall,multicultural,international,kids,family,minneapolis,twin-cities"
The Market at Malcolm Yards,"Modern food hall in a restored Prospect Park building with tacos, Indian, burgers, dumplings and more, plus roomy family seating.",restaurants,varies,,family,"501 30th Ave SE, Minneapolis, MN 55414",44.97285,-93.21356,https://images.pexels.com/photos/5990494/pexels-photo-5990494.jpeg,curated_category,,,,https://www.malcolmyardsmarket.com,False,,,"family-dining,food-hall,multicultural,international,kids,family,minneapolis,twin-cities"
Hmong Village,Bustling indoor Hmong marketplace with a large food court serving authentic Hmong and Southeast Asian dishes — an immersive cultural food outing for families.,restaurants,varies,,family,"1001 Johnson Pkwy, St. Paul, MN 55106",44.9718,-93.04537,https://images.pexels.com/photos/5990494/pexels-photo-5990494.jpeg,curated_category,,,,,False,,,"family-dining,food-hall,hmong,southeast-asian,multicultural,kids,family,st-paul,twin-cities"
Hmongtown Marketplace,"Indoor/outdoor Hmong market with a popular food court of Hmong and Thai/Lao vendors — casual, affordable intro to Southeast Asian food. Confirm current hours each visit.",restaurants,varies,,family,"217 Como Ave, St. Paul, MN 55103",44.96126,-93.10956,https://images.pexels.com/photos/5990494/pexels-photo-5990494.jpeg,curated_category,,,,,False,,,"family-dining,food-hall,hmong,southeast-asian,multicultural,kids,family,st-paul,twin-cities"
El Burrito Mercado,"Family-run Mexican market on the West Side with a full taqueria/cantina and hot-food counter — approachable, authentic Mexican in a lively market kids enjoy exploring.",restaurants,varies,,family,"175 Cesar Chavez St, St. Paul, MN 55107",44.93036,-93.07885,https://images.getbento.com/accounts/71da585d3beb45fe2f8167b49efb87eb/media/images/4921unnamed.jpg,curated,,,,https://elburritomercado.com,False,,,"family-dining,mexican,latin-american,market,multicultural,kids,family,st-paul,twin-cities"
Quang Restaurant,"Beloved family-run Vietnamese spot on Eat Street famous for pho and spring rolls — big shareable bowls and quick, casual service. Closed Tuesdays.",restaurants,varies,,family,"2719 Nicollet Ave S, Minneapolis, MN 55408",44.8902,-93.27812,https://images.pexels.com/photos/5990494/pexels-photo-5990494.jpeg,curated_category,,,,https://www.quangrestaurant.com,False,,,"family-dining,vietnamese,pho,southeast-asian,multicultural,kids,family,minneapolis,twin-cities"
Mandarin Kitchen,"Longtime Chinese restaurant known for weekend dim sum cart service — little plates make it a fun, interactive meal for kids. Closed Tuesdays; dim sum weekends only.",restaurants,varies,,family,"8766 Lyndale Ave S, Bloomington, MN 55420",44.84447,-93.28936,https://images.pexels.com/photos/5990494/pexels-photo-5990494.jpeg,curated_category,,,,https://www.mandarinkitchenmn.com,False,,,"family-dining,chinese,dim-sum,east-asian,multicultural,kids,family,bloomington,twin-cities"
Gorkha Palace,"Family-owned Nepali/Indian/Tibetan restaurant in Northeast with momos, mild curries and naan — approachable spice and dumplings kids love.",restaurants,varies,,family,"23 4th St NE, Minneapolis, MN 55413",44.98935,-93.25502,https://images.pexels.com/photos/5990494/pexels-photo-5990494.jpeg,curated_category,,,,https://www.gorkhapalace.com,False,,,"family-dining,nepali,indian,tibetan,himalayan,multicultural,kids,family,minneapolis,twin-cities"
Everest on Grand,"Himalayan restaurant on Grand Avenue serving Nepali, Indian and Tibetan dishes (momos, curries) in a warm, family-welcoming room.",restaurants,varies,,family,"1278 Grand Ave, St. Paul, MN 55105",44.93991,-93.15412,https://images.pexels.com/photos/5990494/pexels-photo-5990494.jpeg,curated_category,,,,https://www.everestongrand.com,False,,,"family-dining,nepali,himalayan,indian,tibetan,multicultural,kids,family,st-paul,twin-cities"
Holy Land,"Iconic Middle Eastern deli, bakery and grocery in Northeast with a hot-food counter (shawarma, falafel, hummus, fresh pita) and a market to explore.",restaurants,varies,,family,"2513 Central Ave NE, Minneapolis, MN 55418",45.03574,-93.24719,https://images.pexels.com/photos/5990494/pexels-photo-5990494.jpeg,curated_category,,,,https://www.holylandbrand.com,False,,,"family-dining,middle-eastern,mediterranean,deli,market,multicultural,kids,family,minneapolis,twin-cities"
Bole Ethiopian Cuisine,"Family-run Ethiopian restaurant where you eat with injera instead of utensils — hands-on, shareable platters make a fun, interactive meal for kids. Closed Mondays.",restaurants,varies,,family,"1341 Pascal St N, St. Paul, MN 55108",44.98172,-93.16209,https://images.pexels.com/photos/5990494/pexels-photo-5990494.jpeg,curated_category,,,,https://www.boleethiopian.com,False,,,"family-dining,ethiopian,east-african,multicultural,kids,family,st-paul,twin-cities"
Mama Safia's Kitchen,"Family-run Somali/East African restaurant near Midtown serving sambusas, rice dishes and mild, kid-approachable flavors in a welcoming setting.",restaurants,varies,,family,"720 E Lake St, Minneapolis, MN 55407",44.94865,-93.2636,https://images.pexels.com/photos/5990494/pexels-photo-5990494.jpeg,curated_category,,,,,False,,,"family-dining,somali,east-african,multicultural,kids,family,minneapolis,twin-cities"
Kramarczuk's East European Deli,"Historic Northeast Ukrainian/Eastern European deli (since 1954) with sausages, pierogi and cabbage rolls served cafeteria-style — walk the line, point, and go.",restaurants,varies,,family,"215 E Hennepin Ave, Minneapolis, MN 55414",44.98784,-93.25727,https://images.pexels.com/photos/5990494/pexels-photo-5990494.jpeg,curated_category,,,,https://www.kramarczuks.com,False,,,"family-dining,ukrainian,eastern-european,deli,multicultural,kids,family,minneapolis,twin-cities"
Black Forest Inn,"Longtime German restaurant (since 1965) with schnitzel, spaetzle and a leafy beer garden — a relaxed, kid-welcoming daytime/dinner spot.",restaurants,varies,,family,"1 E 26th St, Minneapolis, MN 55404",44.95538,-93.27762,https://images.pexels.com/photos/5990494/pexels-photo-5990494.jpeg,curated_category,,,,https://www.blackforestinnmpls.com,False,,,"family-dining,german,european,multicultural,kids,family,minneapolis,twin-cities"
FIKA at the American Swedish Institute,Nordic cafe inside the American Swedish Institute (a castle-like museum) serving Scandinavian small plates and pastries — pair a kid-friendly meal with a museum visit.,restaurants,varies,,family,"2600 Park Ave, Minneapolis, MN 55407",44.95499,-93.26608,https://images.pexels.com/photos/5990494/pexels-photo-5990494.jpeg,curated_category,,,,https://www.asimn.org/fika-cafe,False,,,"family-dining,nordic,scandinavian,swedish,cafe,multicultural,kids,family,minneapolis,twin-cities"
Minnesota's Largest Candy Store,"Legendary destination candy barn with aisles of thousands of candies, sodas and novelties — a classic family road-trip stop south of the metro. Seasonal: typically mid-April through November; confirm current hours.",restaurants,varies,,family,"20430 Johnson Memorial Dr, Jordan, MN 55352",44.65415,-93.6851,https://images.pexels.com/photos/5990494/pexels-photo-5990494.jpeg,curated_category,,,,https://minnesotaslargestcandystore.com,False,,,"family-dining,candy,sweets,dessert,destination,seasonal,kids,family,jordan,outstate/day-trip"
Candyland - Minneapolis,Old-fashioned candy-and-popcorn shop (since 1932) famous for its Chicago Mix popcorn plus retro candies.,restaurants,varies,,family,"27 S 7th St, Minneapolis, MN 55402",44.9775,-93.27393,https://images.pexels.com/photos/5990494/pexels-photo-5990494.jpeg,curated_category,,,,https://candylandstore.com,False,,,"family-dining,candy,sweets,popcorn,dessert,kids,family,minneapolis,twin-cities"
Candyland - St. Paul,Old-fashioned candy-and-popcorn shop (since 1932) famous for its Chicago Mix popcorn plus retro candies.,restaurants,varies,,family,"435 Wabasha St N, St. Paul, MN 55102",44.94891,-93.09744,https://images.pexels.com/photos/5990494/pexels-photo-5990494.jpeg,curated_category,,,,https://candylandstore.com,False,,,"family-dining,candy,sweets,popcorn,dessert,kids,family,st-paul,twin-cities"
Abdallah Candies,"Minnesota's premier family chocolatier (since 1909) — retail store/factory shop with chocolates, sea-salt caramels and samples.",restaurants,varies,,family,"6075 147th St W, Apple Valley, MN 55124",44.73522,-93.21788,https://images.pexels.com/photos/5990494/pexels-photo-5990494.jpeg,curated_category,,,,https://www.abdallahcandies.com,False,,,"family-dining,candy,sweets,chocolate,dessert,kids,family,apple-valley,south-metro,twin-cities"
Regina's Candies,Three generations of homemade chocolates and candies since 1926 — the largest handmade-chocolate selection in the Twin Cities.,restaurants,varies,,family,"2073 St Clair Ave, St. Paul, MN 55105",44.93441,-93.18835,https://images.pexels.com/photos/5990494/pexels-photo-5990494.jpeg,curated_category,,,,https://www.reginascandies.com,False,,,"family-dining,candy,sweets,chocolate,dessert,kids,family,st-paul,twin-cities"
Lions Tap,"Iconic burgers-only family restaurant on the Minnesota River since 1977 — a beloved, no-frills, kid-perfect burger stop.",restaurants,varies,,family,"16180 Flying Cloud Dr, Eden Prairie, MN 55347",44.81825,-93.48313,https://images.pexels.com/photos/5990494/pexels-photo-5990494.jpeg,curated_category,,,,https://lionstap.com,False,,,"family-dining,burgers,american,kids-menu,kids,family,eden-prairie,west-metro,twin-cities"
Broadway Bar & Pizza - Coon Rapids,"Family pizza spot known for a kid-thrilling model train that delivers around the dining room, plus a Monday kids-eat-free deal (confirm current terms).",restaurants,varies,,family,"3420 129th Ave NW, Coon Rapids, MN 55448",45.20552,-93.35349,https://images.pexels.com/photos/12557597/pexels-photo-12557597.jpeg,curated,,,,https://www.broadwaypizza.com,False,,,"family-dining,pizza,entertainment,kids-menu,kids,family,coon-rapids,north-metro,twin-cities"
Davanni's Pizza & Hot Hoagies - Minneapolis (Riverside),"A quintessential Twin Cities family pizza-and-hoagies spot (since 1975) — casual, quick and kid-friendly, with pizza, hot hoagies and pasta.",restaurants,varies,,family,"2500 Riverside Ave, Minneapolis, MN 55454",44.96563,-93.23594,https://images.pexels.com/photos/12557597/pexels-photo-12557597.jpeg,curated,,,,https://www.davannis.com,False,,,"family-dining,pizza,hoagies,kids,family,twin-cities,minneapolis"
Davanni's Pizza & Hot Hoagies - St. Paul (Suburban Ave),"A quintessential Twin Cities family pizza-and-hoagies spot (since 1975) — casual, quick and kid-friendly, with pizza, hot hoagies and pasta.",restaurants,varies,,family,"Suburban Ave, St. Paul, MN",44.95029,-93.02447,https://images.pexels.com/photos/12557597/pexels-photo-12557597.jpeg,curated,,,,https://www.davannis.com,False,,,"family-dining,pizza,hoagies,kids,family,twin-cities,st-paul,east-metro"
Davanni's Pizza & Hot Hoagies - Arden Hills,"A quintessential Twin Cities family pizza-and-hoagies spot (since 1975) — casual, quick and kid-friendly, with pizza, hot hoagies and pasta.",restaurants,varies,,family,"3673 Lexington Ave N, Arden Hills, MN 55126",45.05223,-93.14854,https://images.pexels.com/photos/12557597/pexels-photo-12557597.jpeg,curated,,,,https://www.davannis.com,False,,,"family-dining,pizza,hoagies,kids,family,twin-cities,arden-hills,north-metro"
Davanni's Pizza & Hot Hoagies - Bloomington,"A quintessential Twin Cities family pizza-and-hoagies spot (since 1975) — casual, quick and kid-friendly, with pizza, hot hoagies and pasta.",restaurants,varies,,family,"8605 Lyndale Ave S, Bloomington, MN 55420",44.84759,-93.28809,https://images.pexels.com/photos/12557597/pexels-photo-12557597.jpeg,curated,,,,https://www.davannis.com,False,,,"family-dining,pizza,hoagies,kids,family,twin-cities,bloomington,south-metro"
Davanni's Pizza & Hot Hoagies - Minnetonka,"A quintessential Twin Cities family pizza-and-hoagies spot (since 1975) — casual, quick and kid-friendly, with pizza, hot hoagies and pasta.",restaurants,varies,,family,"Minnetonka, MN",44.92159,-93.4739,https://images.pexels.com/photos/12557597/pexels-photo-12557597.jpeg,curated,,,,https://www.davannis.com,False,,,"family-dining,pizza,hoagies,kids,family,twin-cities,minnetonka,west-metro"
Davanni's Pizza & Hot Hoagies - Eden Prairie,"A quintessential Twin Cities family pizza-and-hoagies spot (since 1975) — casual, quick and kid-friendly, with pizza, hot hoagies and pasta.",restaurants,varies,,family,"8061 Flying Cloud Dr, Eden Prairie, MN 55344",44.85756,-93.4255,https://images.pexels.com/photos/12557597/pexels-photo-12557597.jpeg,curated,,,,https://www.davannis.com,False,,,"family-dining,pizza,hoagies,kids,family,twin-cities,eden-prairie,west-metro"
Davanni's Pizza & Hot Hoagies - Woodbury,"A quintessential Twin Cities family pizza-and-hoagies spot (since 1975) — casual, quick and kid-friendly, with pizza, hot hoagies and pasta.",restaurants,varies,,family,"Woodbury, MN",44.92141,-92.93048,https://images.pexels.com/photos/12557597/pexels-photo-12557597.jpeg,curated,,,,https://www.davannis.com,False,,,"family-dining,pizza,hoagies,kids,family,twin-cities,woodbury,east-metro"
Davanni's Pizza & Hot Hoagies - Burnsville,"A quintessential Twin Cities family pizza-and-hoagies spot (since 1975) — casual, quick and kid-friendly, with pizza, hot hoagies and pasta.",restaurants,varies,,family,"Cty Rd 42 E, Burnsville, MN",44.73685,-93.25745,https://images.pexels.com/photos/12557597/pexels-photo-12557597.jpeg,curated,,,,https://www.davannis.com,False,,,"family-dining,pizza,hoagies,kids,family,twin-cities,burnsville,south-metro"
Davanni's Pizza & Hot Hoagies - Eagan,"A quintessential Twin Cities family pizza-and-hoagies spot (since 1975) — casual, quick and kid-friendly, with pizza, hot hoagies and pasta.",restaurants,varies,,family,"Cliff Lake Rd, Eagan, MN",44.7936,-93.20527,https://images.pexels.com/photos/12557597/pexels-photo-12557597.jpeg,curated,,,,https://www.davannis.com,False,,,"family-dining,pizza,hoagies,kids,family,twin-cities,eagan,south-metro"
Davanni's Pizza & Hot Hoagies - Edina (Grandview),"A quintessential Twin Cities family pizza-and-hoagies spot (since 1975) — casual, quick and kid-friendly, with pizza, hot hoagies and pasta.",restaurants,varies,,family,"5124 Gus Young Ln, Edina, MN 55424",44.912,-93.35327,https://images.pexels.com/photos/12557597/pexels-photo-12557597.jpeg,curated,,,,https://www.davannis.com,False,,,"family-dining,pizza,hoagies,kids,family,twin-cities,edina,west-metro"
Davanni's Pizza & Hot Hoagies - Chanhassen,"A quintessential Twin Cities family pizza-and-hoagies spot (since 1975) — casual, quick and kid-friendly, with pizza, hot hoagies and pasta.",restaurants,varies,,family,"464 Pond Promenade, Chanhassen, MN 55317",44.85679,-93.53294,https://images.pexels.com/photos/12557597/pexels-photo-12557597.jpeg,curated,,,,https://www.davannis.com,False,,,"family-dining,pizza,hoagies,kids,family,twin-cities,chanhassen,west-metro"
